  0
SECTION
  2
HEADER
  9
$ACADVER
  1
AC1027
  9
$ACADMAINTVER
 70
105
  9
$DWGCODEPAGE
  3
ANSI_1252
  9
$LASTSAVEDBY
  1
ezdxf
  9
$REQUIREDVERSIONS
160
0
  9
$INSBASE
 10
0.0
 20
0.0
 30
0.0
  9
$EXTMIN
 10
1e+20
 20
1e+20
 30
1e+20
  9
$EXTMAX
 10
-1e+20
 20
-1e+20
 30
-1e+20
  9
$LIMMIN
 10
0.0
 20
0.0
  9
$LIMMAX
 10
420.0
 20
297.0
  9
$ORTHOMODE
 70
0
  9
$REGENMODE
 70
1
  9
$FILLMODE
 70
1
  9
$QTEXTMODE
 70
0
  9
$MIRRTEXT
 70
1
  9
$LTSCALE
 40
1.0
  9
$ATTMODE
 70
1
  9
$TEXTSIZE
 40
2.5
  9
$TRACEWID
 40
1.0
  9
$TEXTSTYLE
  7
OpenSans
  9
$CLAYER
  8
0
  9
$CELTYPE
  6
ByLayer
  9
$CECOLOR
 62
256
  9
$CELTSCALE
 40
1.0
  9
$DISPSILH
 70
0
  9
$DIMSCALE
 40
1.0
  9
$DIMASZ
 40
0.175
  9
$DIMEXO
 40
0.125
  9
$DIMDLI
 40
3.75
  9
$DIMRND
 40
0.0
  9
$DIMDLE
 40
0.0
  9
$DIMEXE
 40
0.375
  9
$DIMTP
 40
0.0
  9
$DIMTM
 40
0.0
  9
$DIMTXT
 40
0.25
  9
$DIMCEN
 40
2.5
  9
$DIMTSZ
 40
0.0
  9
$DIMTOL
 70
0
  9
$DIMLIM
 70
0
  9
$DIMTIH
 70
0
  9
$DIMTOH
 70
0
  9
$DIMSE1
 70
0
  9
$DIMSE2
 70
0
  9
$DIMTAD
 70
1
  9
$DIMZIN
 70
12
  9
$DIMBLK
  1
ARCHTICK
  9
$DIMASO
 70
1
  9
$DIMSHO
 70
1
  9
$DIMPOST
  1

  9
$DIMAPOST
  1

  9
$DIMALT
 70
0
  9
$DIMALTD
 70
3
  9
$DIMALTF
 40
0.03937007874
  9
$DIMLFAC
 40
100.0
  9
$DIMTOFL
 70
1
  9
$DIMTVP
 40
0.0
  9
$DIMTIX
 70
0
  9
$DIMSOXD
 70
0
  9
$DIMSAH
 70
0
  9
$DIMBLK1
  1

  9
$DIMBLK2
  1

  9
$DIMSTYLE
  2
EZDXF
  9
$DIMCLRD
 70
0
  9
$DIMCLRE
 70
0
  9
$DIMCLRT
 70
0
  9
$DIMTFAC
 40
0.5
  9
$DIMGAP
 40
0.1
  9
$DIMJUST
 70
0
  9
$DIMSD1
 70
0
  9
$DIMSD2
 70
0
  9
$DIMTOLJ
 70
0
  9
$DIMTZIN
 70
8
  9
$DIMALTZ
 70
0
  9
$DIMALTTZ
 70
0
  9
$DIMUPT
 70
1
  9
$DIMDEC
 70
2
  9
$DIMTDEC
 70
2
  9
$DIMALTU
 70
2
  9
$DIMALTTD
 70
3
  9
$DIMTXSTY
  7
OpenSansCondensed-Light
  9
$DIMAUNIT
 70
0
  9
$DIMADEC
 70
2
  9
$DIMALTRND
 40
0.0
  9
$DIMAZIN
 70
3
  9
$DIMDSEP
 70
46
  9
$DIMATFIT
 70
3
  9
$DIMFRAC
 70
0
  9
$DIMLDRBLK
  1

  9
$DIMLUNIT
 70
2
  9
$DIMLWD
 70
-2
  9
$DIMLWE
 70
-2
  9
$DIMTMOVE
 70
2
  9
$DIMFXL
 40
1.0
  9
$DIMFXLON
 70
0
  9
$DIMJOGANG
 40
0.785398163397
  9
$DIMTFILL
 70
0
  9
$DIMTFILLCLR
 70
0
  9
$DIMARCSYM
 70
0
  9
$DIMLTYPE
  6

  9
$DIMLTEX1
  6

  9
$DIMLTEX2
  6

  9
$DIMTXTDIRECTION
 70
0
  9
$LUNITS
 70
2
  9
$LUPREC
 70
4
  9
$SKETCHINC
 40
1.0
  9
$FILLETRAD
 40
10.0
  9
$AUNITS
 70
0
  9
$AUPREC
 70
2
  9
$MENU
  1
.
  9
$ELEVATION
 40
0.0
  9
$PELEVATION
 40
0.0
  9
$THICKNESS
 40
0.0
  9
$LIMCHECK
 70
0
  9
$CHAMFERA
 40
0.0
  9
$CHAMFERB
 40
0.0
  9
$CHAMFERC
 40
0.0
  9
$CHAMFERD
 40
0.0
  9
$SKPOLY
 70
0
  9
$TDCREATE
 40
2461292.6531018517
  9
$TDUCREATE
 40
2458532.153996898
  9
$TDUPDATE
 40
2461292.6531018517
  9
$TDUUPDATE
 40
2458532.1544311
  9
$TDINDWG
 40
0.0
  9
$TDUSRTIMER
 40
0.0
  9
$USRTIMER
 70
1
  9
$ANGBASE
 50
0.0
  9
$ANGDIR
 70
0
  9
$PDMODE
 70
0
  9
$PDSIZE
 40
0.0
  9
$PLINEWID
 40
0.0
  9
$SPLFRAME
 70
0
  9
$SPLINETYPE
 70
6
  9
$SPLINESEGS
 70
8
  9
$HANDSEED
  5
AA
  9
$SURFTAB1
 70
6
  9
$SURFTAB2
 70
6
  9
$SURFTYPE
 70
6
  9
$SURFU
 70
6
  9
$SURFV
 70
6
  9
$UCSBASE
  2

  9
$UCSNAME
  2

  9
$UCSORG
 10
0.0
 20
0.0
 30
0.0
  9
$UCSXDIR
 10
1.0
 20
0.0
 30
0.0
  9
$UCSYDIR
 10
0.0
 20
1.0
 30
0.0
  9
$UCSORTHOREF
  2

  9
$UCSORTHOVIEW
 70
0
  9
$UCSORGTOP
 10
0.0
 20
0.0
 30
0.0
  9
$UCSORGBOTTOM
 10
0.0
 20
0.0
 30
0.0
  9
$UCSORGLEFT
 10
0.0
 20
0.0
 30
0.0
  9
$UCSORGRIGHT
 10
0.0
 20
0.0
 30
0.0
  9
$UCSORGFRONT
 10
0.0
 20
0.0
 30
0.0
  9
$UCSORGBACK
 10
0.0
 20
0.0
 30
0.0
  9
$PUCSBASE
  2

  9
$PUCSNAME
  2

  9
$PUCSORG
 10
0.0
 20
0.0
 30
0.0
  9
$PUCSXDIR
 10
1.0
 20
0.0
 30
0.0
  9
$PUCSYDIR
 10
0.0
 20
1.0
 30
0.0
  9
$PUCSORTHOREF
  2

  9
$PUCSORTHOVIEW
 70
0
  9
$PUCSORGTOP
 10
0.0
 20
0.0
 30
0.0
  9
$PUCSORGBOTTOM
 10
0.0
 20
0.0
 30
0.0
  9
$PUCSORGLEFT
 10
0.0
 20
0.0
 30
0.0
  9
$PUCSORGRIGHT
 10
0.0
 20
0.0
 30
0.0
  9
$PUCSORGFRONT
 10
0.0
 20
0.0
 30
0.0
  9
$PUCSORGBACK
 10
0.0
 20
0.0
 30
0.0
  9
$USERI1
 70
0
  9
$USERI2
 70
0
  9
$USERI3
 70
0
  9
$USERI4
 70
0
  9
$USERI5
 70
0
  9
$USERR1
 40
0.0
  9
$USERR2
 40
0.0
  9
$USERR3
 40
0.0
  9
$USERR4
 40
0.0
  9
$USERR5
 40
0.0
  9
$WORLDVIEW
 70
1
  9
$SHADEDGE
 70
3
  9
$SHADEDIF
 70
70
  9
$TILEMODE
 70
1
  9
$MAXACTVP
 70
64
  9
$PINSBASE
 10
0.0
 20
0.0
 30
0.0
  9
$PLIMCHECK
 70
0
  9
$PEXTMIN
 10
1e+20
 20
1e+20
 30
1e+20
  9
$PEXTMAX
 10
-1e+20
 20
-1e+20
 30
-1e+20
  9
$PLIMMIN
 10
0.0
 20
0.0
  9
$PLIMMAX
 10
420.0
 20
297.0
  9
$UNITMODE
 70
0
  9
$VISRETAIN
 70
1
  9
$PLINEGEN
 70
0
  9
$PSLTSCALE
 70
1
  9
$TREEDEPTH
 70
3020
  9
$CMLSTYLE
  2
Standard
  9
$CMLJUST
 70
0
  9
$CMLSCALE
 40
20.0
  9
$PROXYGRAPHICS
 70
1
  9
$MEASUREMENT
 70
1
  9
$CELWEIGHT
370
-1
  9
$ENDCAPS
280
0
  9
$JOINSTYLE
280
0
  9
$LWDISPLAY
290
0
  9
$INSUNITS
 70
4
  9
$HYPERLINKBASE
  1

  9
$STYLESHEET
  1

  9
$XEDIT
290
1
  9
$CEPSNTYPE
380
0
  9
$PSTYLEMODE
290
1
  9
$FINGERPRINTGUID
  2
{9F8DE6C4-81E4-4C88-88A4-EB0D0907B996}
  9
$VERSIONGUID
  2
{B78BED54-F63A-413C-9237-011B4B00E46E}
  9
$EXTNAMES
290
1
  9
$PSVPSCALE
 40
0.0
  9
$OLESTARTUP
290
0
  9
$SORTENTS
280
127
  9
$INDEXCTL
280
0
  9
$HIDETEXT
280
1
  9
$XCLIPFRAME
280
1
  9
$HALOGAP
280
0
  9
$OBSCOLOR
 70
257
  9
$OBSLTYPE
280
0
  9
$INTERSECTIONDISPLAY
280
0
  9
$INTERSECTIONCOLOR
 70
257
  9
$DIMASSOC
280
2
  9
$PROJECTNAME
  1

  9
$CAMERADISPLAY
290
0
  9
$LENSLENGTH
 40
50.0
  9
$CAMERAHEIGHT
 40
0.0
  9
$STEPSPERSEC
 40
24.0
  9
$STEPSIZE
 40
100.0
  9
$3DDWFPREC
 40
2.0
  9
$PSOLWIDTH
 40
0.005
  9
$PSOLHEIGHT
 40
0.08
  9
$LOFTANG1
 40
1.570796326795
  9
$LOFTANG2
 40
1.570796326795
  9
$LOFTMAG1
 40
0.0
  9
$LOFTMAG2
 40
0.0
  9
$LOFTPARAM
 70
7
  9
$LOFTNORMALS
280
1
  9
$LATITUDE
 40
37.795
  9
$LONGITUDE
 40
-122.394
  9
$NORTHDIRECTION
 40
0.0
  9
$TIMEZONE
 70
-8000
  9
$LIGHTGLYPHDISPLAY
280
1
  9
$TILEMODELIGHTSYNCH
280
1
  9
$CMATERIAL
347
20
  9
$SOLIDHIST
280
0
  9
$SHOWHIST
280
1
  9
$DWFFRAME
280
2
  9
$DGNFRAME
280
2
  9
$REALWORLDSCALE
290
1
  9
$INTERFERECOLOR
 62
256
  9
$CSHADOW
280
0
  9
$SHADOWPLANELOCATION
 40
0.0
  0
ENDSEC
  0
SECTION
  2
CLASSES
  0
CLASS
  1
ACDBDICTIONARYWDFLT
  2
AcDbDictionaryWithDefault
  3
ObjectDBX Classes
 90
0
 91
0
280
0
281
0
  0
CLASS
  1
SUN
  2
AcDbSun
  3
SCENEOE
 90
1153
 91
0
280
0
281
0
  0
CLASS
  1
VISUALSTYLE
  2
AcDbVisualStyle
  3
ObjectDBX Classes
 90
4095
 91
0
280
0
281
0
  0
CLASS
  1
MATERIAL
  2
AcDbMaterial
  3
ObjectDBX Classes
 90
1153
 91
0
280
0
281
0
  0
CLASS
  1
SCALE
  2
AcDbScale
  3
ObjectDBX Classes
 90
1153
 91
0
280
0
281
0
  0
CLASS
  1
TABLESTYLE
  2
AcDbTableStyle
  3
ObjectDBX Classes
 90
4095
 91
0
280
0
281
0
  0
CLASS
  1
MLEADERSTYLE
  2
AcDbMLeaderStyle
  3
ACDB_MLEADERSTYLE_CLASS
 90
4095
 91
0
280
0
281
0
  0
CLASS
  1
DICTIONARYVAR
  2
AcDbDictionaryVar
  3
ObjectDBX Classes
 90
0
 91
0
280
0
281
0
  0
CLASS
  1
CELLSTYLEMAP
  2
AcDbCellStyleMap
  3
ObjectDBX Classes
 90
1152
 91
0
280
0
281
0
  0
CLASS
  1
MENTALRAYRENDERSETTINGS
  2
AcDbMentalRayRenderSettings
  3
SCENEOE
 90
1024
 91
0
280
0
281
0
  0
CLASS
  1
ACDBDETAILVIEWSTYLE
  2
AcDbDetailViewStyle
  3
ObjectDBX Classes
 90
1025
 91
0
280
0
281
0
  0
CLASS
  1
ACDBSECTIONVIEWSTYLE
  2
AcDbSectionViewStyle
  3
ObjectDBX Classes
 90
1025
 91
0
280
0
281
0
  0
CLASS
  1
RASTERVARIABLES
  2
AcDbRasterVariables
  3
ISM
 90
0
 91
0
280
0
281
0
  0
CLASS
  1
LAYOUT
  2
AcDbLayout
  3
ObjectDBX Classes
 90
0
 91
0
280
0
281
0
  0
CLASS
  1
ACDBPLACEHOLDER
  2
AcDbPlaceHolder
  3
ObjectDBX Classes
 90
0
 91
0
280
0
281
0
  0
ENDSEC
  0
SECTION
  2
TABLES
  0
TABLE
  2
VPORT
  5
8
330
0
100
AcDbSymbolTable
 70
1
  0
VPORT
  5
23
330
8
100
AcDbSymbolTableRecord
100
AcDbViewportTableRecord
  2
*Active
 70
0
 10
0.0
 20
0.0
 11
1.0
 21
1.0
 12
0.0
 22
0.0
 13
0.0
 23
0.0
 14
0.5
 24
0.5
 15
0.5
 25
0.5
 16
0.0
 26
0.0
 36
1.0
 17
0.0
 27
0.0
 37
0.0
 40
1000.0
 41
1.34
 42
50.0
 43
0.0
 44
0.0
 50
0.0
 51
0.0
 71
0
 72
1000
 73
1
 74
3
 75
0
 76
0
 77
0
 78
0
281
0
 65
0
146
0.0
  0
ENDTAB
  0
TABLE
  2
LTYPE
  5
2
330
0
100
AcDbSymbolTable
 70
21
  0
LTYPE
  5
24
330
2
100
AcDbSymbolTableRecord
100
AcDbLinetypeTableRecord
  2
ByBlock
 70
0
  3

 72
65
 73
0
 40
0.0
  0
LTYPE
  5
25
330
2
100
AcDbSymbolTableRecord
100
AcDbLinetypeTableRecord
  2
ByLayer
 70
0
  3

 72
65
 73
0
 40
0.0
  0
LTYPE
  5
26
330
2
100
AcDbSymbolTableRecord
100
AcDbLinetypeTableRecord
  2
Continuous
 70
0
  3

 72
65
 73
0
 40
0.0
  0
LTYPE
  5
2F
330
2
100
AcDbSymbolTableRecord
100
AcDbLinetypeTableRecord
  2
CENTER
 70
0
  3
Center ____ _ ____ _ ____ _ ____ _ ____ _ ____
 72
65
 73
4
 40
5.08
 49
3.175
 74
0
 49
-0.635
 74
0
 49
0.635
 74
0
 49
-0.635
 74
0
  0
LTYPE
  5
30
330
2
100
AcDbSymbolTableRecord
100
AcDbLinetypeTableRecord
  2
CENTERX2
 70
0
  3
Center (2x) ________  __  ________  __  ________
 72
65
 73
4
 40
8.89
 49
6.35
 74
0
 49
-0.635
 74
0
 49
1.27
 74
0
 49
-0.635
 74
0
  0
LTYPE
  5
31
330
2
100
AcDbSymbolTableRecord
100
AcDbLinetypeTableRecord
  2
CENTER2
 70
0
  3
Center (.5x) ____ _ ____ _ ____ _ ____ _ ____
 72
65
 73
4
 40
2.54
 49
1.587
 74
0
 49
-0.318
 74
0
 49
0.318
 74
0
 49
-0.318
 74
0
  0
LTYPE
  5
32
330
2
100
AcDbSymbolTableRecord
100
AcDbLinetypeTableRecord
  2
DASHED
 70
0
  3
Dashed __ __ __ __ __ __ __ __ __ __ __ __ __ _
 72
65
 73
2
 40
1.524
 49
1.27
 74
0
 49
-0.254
 74
0
  0
LTYPE
  5
33
330
2
100
AcDbSymbolTableRecord
100
AcDbLinetypeTableRecord
  2
DASHEDX2
 70
0
  3
Dashed (2x) ____  ____  ____  ____  ____  ____
 72
65
 73
2
 40
3.048
 49
2.54
 74
0
 49
-0.508
 74
0
  0
LTYPE
  5
34
330
2
100
AcDbSymbolTableRecord
100
AcDbLinetypeTableRecord
  2
DASHED2
 70
0
  3
Dashed (.5x) _ _ _ _ _ _ _ _ _ _ _ _ _ _
 72
65
 73
2
 40
0.762
 49
0.635
 74
0
 49
-0.127
 74
0
  0
LTYPE
  5
35
330
2
100
AcDbSymbolTableRecord
100
AcDbLinetypeTableRecord
  2
PHANTOM
 70
0
  3
Phantom ______  __  __  ______  __  __  ______
 72
65
 73
6
 40
6.35
 49
3.175
 74
0
 49
-0.635
 74
0
 49
0.635
 74
0
 49
-0.635
 74
0
 49
0.635
 74
0
 49
-0.635
 74
0
  0
LTYPE
  5
36
330
2
100
AcDbSymbolTableRecord
100
AcDbLinetypeTableRecord
  2
PHANTOMX2
 70
0
  3
Phantom (2x)____________    ____    ____    ____________
 72
65
 73
6
 40
10.795
 49
6.35
 74
0
 49
-0.635
 74
0
 49
1.27
 74
0
 49
-0.635
 74
0
 49
1.27
 74
0
 49
-0.635
 74
0
  0
LTYPE
  5
37
330
2
100
AcDbSymbolTableRecord
100
AcDbLinetypeTableRecord
  2
PHANTOM2
 70
0
  3
Phantom (.5x) ___ _ _ ___ _ _ ___ _ _ ___ _ _ ___
 72
65
 73
6
 40
3.175
 49
1.587
 74
0
 49
-0.318
 74
0
 49
0.318
 74
0
 49
-0.318
 74
0
 49
0.318
 74
0
 49
-0.318
 74
0
  0
LTYPE
  5
38
330
2
100
AcDbSymbolTableRecord
100
AcDbLinetypeTableRecord
  2
DASHDOT
 70
0
  3
Dash dot __ . __ . __ . __ . __ . __ . __ . __
 72
65
 73
4
 40
3.556
 49
2.54
 74
0
 49
-0.508
 74
0
 49
0.0
 74
0
 49
-0.508
 74
0
  0
LTYPE
  5
39
330
2
100
AcDbSymbolTableRecord
100
AcDbLinetypeTableRecord
  2
DASHDOTX2
 70
0
  3
Dash dot (2x) ____  .  ____  .  ____  .  ____
 72
65
 73
4
 40
6.096
 49
5.08
 74
0
 49
-0.508
 74
0
 49
0.0
 74
0
 49
-0.508
 74
0
  0
LTYPE
  5
3A
330
2
100
AcDbSymbolTableRecord
100
AcDbLinetypeTableRecord
  2
DASHDOT2
 70
0
  3
Dash dot (.5x) _ . _ . _ . _ . _ . _ . _ . _
 72
65
 73
4
 40
1.778
 49
1.27
 74
0
 49
-0.254
 74
0
 49
0.0
 74
0
 49
-0.254
 74
0
  0
LTYPE
  5
3B
330
2
100
AcDbSymbolTableRecord
100
AcDbLinetypeTableRecord
  2
DOT
 70
0
  3
Dot .  .  .  .  .  .  .  .  .  .  .  .  .  .  .  .
 72
65
 73
2
 40
0.508
 49
0.0
 74
0
 49
-0.508
 74
0
  0
LTYPE
  5
3C
330
2
100
AcDbSymbolTableRecord
100
AcDbLinetypeTableRecord
  2
DOTX2
 70
0
  3
Dot (2x) .    .    .    .    .    .    .    . 
 72
65
 73
2
 40
1.016
 49
0.0
 74
0
 49
-1.016
 74
0
  0
LTYPE
  5
3D
330
2
100
AcDbSymbolTableRecord
100
AcDbLinetypeTableRecord
  2
DOT2
 70
0
  3
Dot (.5) . . . . . . . . . . . . . . . . . . . 
 72
65
 73
2
 40
0.254
 49
0.0
 74
0
 49
-0.254
 74
0
  0
LTYPE
  5
3E
330
2
100
AcDbSymbolTableRecord
100
AcDbLinetypeTableRecord
  2
DIVIDE
 70
0
  3
Divide __ . . __ . . __ . . __ . . __ . . __
 72
65
 73
6
 40
4.064
 49
2.54
 74
0
 49
-0.508
 74
0
 49
0.0
 74
0
 49
-0.508
 74
0
 49
0.0
 74
0
 49
-0.508
 74
0
  0
LTYPE
  5
3F
330
2
100
AcDbSymbolTableRecord
100
AcDbLinetypeTableRecord
  2
DIVIDEX2
 70
0
  3
Divide (2x) ____  . .  ____  . .  ____  . .  ____
 72
65
 73
6
 40
6.604
 49
5.08
 74
0
 49
-0.508
 74
0
 49
0.0
 74
0
 49
-0.508
 74
0
 49
0.0
 74
0
 49
-0.508
 74
0
  0
LTYPE
  5
40
330
2
100
AcDbSymbolTableRecord
100
AcDbLinetypeTableRecord
  2
DIVIDE2
 70
0
  3
Divide(.5x) _ . _ . _ . _ . _ . _ . _ . _
 72
65
 73
6
 40
2.032
 49
1.27
 74
0
 49
-0.254
 74
0
 49
0.0
 74
0
 49
-0.254
 74
0
 49
0.0
 74
0
 49
-0.254
 74
0
  0
ENDTAB
  0
TABLE
  2
LAYER
  5
1
330
0
100
AcDbSymbolTable
 70
2
  0
LAYER
  5
27
330
1
100
AcDbSymbolTableRecord
100
AcDbLayerTableRecord
  2
0
 70
0
 62
7
  6
Continuous
370
-3
390
13
347
21
  0
LAYER
  5
28
330
1
100
AcDbSymbolTableRecord
100
AcDbLayerTableRecord
  2
Defpoints
 70
0
 62
7
  6
Continuous
290
0
370
-3
390
13
347
21
  0
ENDTAB
  0
TABLE
  2
STYLE
  5
5
330
0
100
AcDbSymbolTable
 70
26
  0
STYLE
  5
29
330
5
100
AcDbSymbolTableRecord
100
AcDbTextStyleTableRecord
  2
Standard
 70
0
 40
0.0
 41
1.0
 50
0.0
 71
0
 42
2.5
  3
txt
  4

  0
STYLE
  5
41
330
5
100
AcDbSymbolTableRecord
100
AcDbTextStyleTableRecord
  2
OpenSans-Light
 70
0
 40
0.0
 41
1.0
 50
0.0
 71
0
 42
2.5
  3
OpenSans-Light.ttf
  4

  0
STYLE
  5
42
330
5
100
AcDbSymbolTableRecord
100
AcDbTextStyleTableRecord
  2
OpenSans-Light-Italic
 70
0
 40
0.0
 41
1.0
 50
0.0
 71
0
 42
2.5
  3
OpenSans-LightItalic.ttf
  4

  0
STYLE
  5
43
330
5
100
AcDbSymbolTableRecord
100
AcDbTextStyleTableRecord
  2
OpenSans
 70
0
 40
0.0
 41
1.0
 50
0.0
 71
0
 42
2.5
  3
OpenSans-Regular.ttf
  4

  0
STYLE
  5
44
330
5
100
AcDbSymbolTableRecord
100
AcDbTextStyleTableRecord
  2
OpenSans-Italic
 70
0
 40
0.0
 41
1.0
 50
0.0
 71
0
 42
2.5
  3
OpenSans-Italic.ttf
  4

  0
STYLE
  5
45
330
5
100
AcDbSymbolTableRecord
100
AcDbTextStyleTableRecord
  2
OpenSans-SemiBold
 70
0
 40
0.0
 41
1.0
 50
0.0
 71
0
 42
2.5
  3
OpenSans-SemiBold.ttf
  4

  0
STYLE
  5
46
330
5
100
AcDbSymbolTableRecord
100
AcDbTextStyleTableRecord
  2
OpenSans-SemiBoldItalic
 70
0
 40
0.0
 41
1.0
 50
0.0
 71
0
 42
2.5
  3
OpenSans-SemiBoldItalic.ttf
  4

  0
STYLE
  5
47
330
5
100
AcDbSymbolTableRecord
100
AcDbTextStyleTableRecord
  2
OpenSans-Bold
 70
0
 40
0.0
 41
1.0
 50
0.0
 71
0
 42
2.5
  3
OpenSans-Bold.ttf
  4

  0
STYLE
  5
48
330
5
100
AcDbSymbolTableRecord
100
AcDbTextStyleTableRecord
  2
OpenSans-BoldItalic
 70
0
 40
0.0
 41
1.0
 50
0.0
 71
0
 42
2.5
  3
OpenSans-BoldItalic.ttf
  4

  0
STYLE
  5
49
330
5
100
AcDbSymbolTableRecord
100
AcDbTextStyleTableRecord
  2
OpenSans-ExtraBold
 70
0
 40
0.0
 41
1.0
 50
0.0
 71
0
 42
2.5
  3
OpenSans-ExtraBold.ttf
  4

  0
STYLE
  5
4A
330
5
100
AcDbSymbolTableRecord
100
AcDbTextStyleTableRecord
  2
OpenSans-ExtraBoldItalic
 70
0
 40
0.0
 41
1.0
 50
0.0
 71
0
 42
2.5
  3
OpenSans-ExtraBoldItalic.ttf
  4

  0
STYLE
  5
4B
330
5
100
AcDbSymbolTableRecord
100
AcDbTextStyleTableRecord
  2
OpenSansCondensed-Bold
 70
0
 40
0.0
 41
1.0
 50
0.0
 71
0
 42
2.5
  3
OpenSansCondensed-Bold.ttf
  4

  0
STYLE
  5
4C
330
5
100
AcDbSymbolTableRecord
100
AcDbTextStyleTableRecord
  2
OpenSansCondensed-Light
 70
0
 40
0.0
 41
1.0
 50
0.0
 71
0
 42
2.5
  3
OpenSansCondensed-Light.ttf
  4

  0
STYLE
  5
4D
330
5
100
AcDbSymbolTableRecord
100
AcDbTextStyleTableRecord
  2
OpenSansCondensed-Italic
 70
0
 40
0.0
 41
1.0
 50
0.0
 71
0
 42
2.5
  3
OpenSansCondensed-LightItalic.ttf
  4

  0
STYLE
  5
4E
330
5
100
AcDbSymbolTableRecord
100
AcDbTextStyleTableRecord
  2
LiberationSans
 70
0
 40
0.0
 41
1.0
 50
0.0
 71
0
 42
2.5
  3
LiberationSans-Regular.ttf
  4

  0
STYLE
  5
4F
330
5
100
AcDbSymbolTableRecord
100
AcDbTextStyleTableRecord
  2
LiberationSans-Bold
 70
0
 40
0.0
 41
1.0
 50
0.0
 71
0
 42
2.5
  3
LiberationSans-Bold.ttf
  4

  0
STYLE
  5
50
330
5
100
AcDbSymbolTableRecord
100
AcDbTextStyleTableRecord
  2
LiberationSans-BoldItalic
 70
0
 40
0.0
 41
1.0
 50
0.0
 71
0
 42
2.5
  3
LiberationSans-BoldItalic.ttf
  4

  0
STYLE
  5
51
330
5
100
AcDbSymbolTableRecord
100
AcDbTextStyleTableRecord
  2
LiberationSans-Italic
 70
0
 40
0.0
 41
1.0
 50
0.0
 71
0
 42
2.5
  3
LiberationSans-Italic.ttf
  4

  0
STYLE
  5
52
330
5
100
AcDbSymbolTableRecord
100
AcDbTextStyleTableRecord
  2
LiberationSerif
 70
0
 40
0.0
 41
1.0
 50
0.0
 71
0
 42
2.5
  3
LiberationSerif-Regular.ttf
  4

  0
STYLE
  5
53
330
5
100
AcDbSymbolTableRecord
100
AcDbTextStyleTableRecord
  2
LiberationSerif-Bold
 70
0
 40
0.0
 41
1.0
 50
0.0
 71
0
 42
2.5
  3
LiberationSerif-Bold.ttf
  4

  0
STYLE
  5
54
330
5
100
AcDbSymbolTableRecord
100
AcDbTextStyleTableRecord
  2
LiberationSerif-BoldItalic
 70
0
 40
0.0
 41
1.0
 50
0.0
 71
0
 42
2.5
  3
LiberationSerif-BoldItalic.ttf
  4

  0
STYLE
  5
55
330
5
100
AcDbSymbolTableRecord
100
AcDbTextStyleTableRecord
  2
LiberationSerif-Italic
 70
0
 40
0.0
 41
1.0
 50
0.0
 71
0
 42
2.5
  3
LiberationSerif-Italic.ttf
  4

  0
STYLE
  5
56
330
5
100
AcDbSymbolTableRecord
100
AcDbTextStyleTableRecord
  2
LiberationMono
 70
0
 40
0.0
 41
1.0
 50
0.0
 71
0
 42
2.5
  3
LiberationMono-Regular.ttf
  4

  0
STYLE
  5
57
330
5
100
AcDbSymbolTableRecord
100
AcDbTextStyleTableRecord
  2
LiberationMono-Bold
 70
0
 40
0.0
 41
1.0
 50
0.0
 71
0
 42
2.5
  3
LiberationMono-Bold.ttf
  4

  0
STYLE
  5
58
330
5
100
AcDbSymbolTableRecord
100
AcDbTextStyleTableRecord
  2
LiberationMono-BoldItalic
 70
0
 40
0.0
 41
1.0
 50
0.0
 71
0
 42
2.5
  3
LiberationMono-BoldItalic.ttf
  4

  0
STYLE
  5
59
330
5
100
AcDbSymbolTableRecord
100
AcDbTextStyleTableRecord
  2
LiberationMono-Italic
 70
0
 40
0.0
 41
1.0
 50
0.0
 71
0
 42
2.5
  3
LiberationMono-Italic.ttf
  4

  0
ENDTAB
  0
TABLE
  2
VIEW
  5
7
330
0
100
AcDbSymbolTable
 70
0
  0
ENDTAB
  0
TABLE
  2
UCS
  5
6
330
0
100
AcDbSymbolTable
 70
0
  0
ENDTAB
  0
TABLE
  2
APPID
  5
3
330
0
100
AcDbSymbolTable
 70
3
  0
APPID
  5
2A
330
3
100
AcDbSymbolTableRecord
100
AcDbRegAppTableRecord
  2
ACAD
 70
0
  0
APPID
  5
A7
330
3
100
AcDbSymbolTableRecord
100
AcDbRegAppTableRecord
  2
HATCHBACKGROUNDCOLOR
 70
0
  0
APPID
  5
A8
330
3
100
AcDbSymbolTableRecord
100
AcDbRegAppTableRecord
  2
EZDXF
 70
0
  0
ENDTAB
  0
TABLE
  2
DIMSTYLE
  5
4
330
0
100
AcDbSymbolTable
 70
12
100
AcDbDimStyleTable
  0
DIMSTYLE
105
2B
330
4
100
AcDbSymbolTableRecord
100
AcDbDimStyleTableRecord
  2
Standard
 70
0
 40
1.0
 41
2.5
 42
0.625
 43
3.75
 44
1.25
 45
0.0
 46
0.0
 47
0.0
 48
0.0
 49
2.5
140
2.5
141
2.5
142
0.0
143
0.03937007874
144
1.0
145
0.0
146
1.0
147
0.625
148
0.0
 69
0
 70
0
 71
0
 72
0
 73
0
 74
0
 75
0
 76
0
 77
1
 78
8
 79
3
170
0
171
3
172
1
173
0
174
0
175
0
176
0
177
0
178
0
179
2
271
2
272
2
273
2
274
3
275
0
276
0
277
2
278
44
279
0
280
0
281
0
282
0
283
0
284
8
285
0
286
0
288
0
289
3
290
0
371
-2
372
-2
  0
DIMSTYLE
105
73
330
4
100
AcDbSymbolTableRecord
100
AcDbDimStyleTableRecord
  2
EZDXF
 70
0
 40
1.0
 41
0.175
 42
0.125
 43
3.75
 44
0.375
 45
0.0
 46
0.0
 47
0.0
 48
0.0
 49
2.5
140
0.25
141
2.5
142
0.0
143
0.03937007874
144
100.0
145
0.0
146
0.5
147
0.1
148
0.0
 69
0
 70
0
 71
0
 72
0
 73
0
 74
0
 75
0
 76
0
 77
1
 78
12
 79
3
170
0
171
3
172
1
173
0
174
0
175
0
176
0
177
0
178
0
179
2
271
2
272
2
273
2
274
3
275
0
276
0
277
2
278
46
279
2
280
0
281
0
282
0
283
0
284
8
285
0
286
0
288
1
289
3
290
0
340
4C
342
74
371
-2
372
-2
  0
DIMSTYLE
105
7C
330
4
100
AcDbSymbolTableRecord
100
AcDbDimStyleTableRecord
  2
EZ_M_100_H25_CM
 70
0
 40
1.0
 41
0.25
 42
0.125
 43
3.75
 44
0.375
 45
0.0
 46
0.0
 47
0.0
 48
0.0
 49
2.5
140
0.25
141
2.5
142
0.125
143
0.03937007874
144
100.0
145
0.0
146
0.5
147
0.1
148
0.0
 69
0
 70
0
 71
0
 72
0
 73
0
 74
0
 75
0
 76
0
 77
1
 78
12
 79
3
170
0
171
3
172
1
173
0
174
0
175
0
176
0
177
0
178
0
179
2
271
2
272
2
273
2
274
3
275
0
276
0
277
2
278
46
279
2
280
0
281
0
282
0
283
0
284
8
285
0
286
0
288
1
289
3
290
0
340
4C
371
-2
372
-2
  0
DIMSTYLE
105
7D
330
4
100
AcDbSymbolTableRecord
100
AcDbDimStyleTableRecord
  2
EZ_M_50_H25_CM
 70
0
 40
1.0
 41
0.125
 42
0.0625
 43
3.75
 44
0.1875
 45
0.0
 46
0.0
 47
0.0
 48
0.0
 49
2.5
140
0.125
141
2.5
142
0.0625
143
0.03937007874
144
100.0
145
0.0
146
0.5
147
0.05
148
0.0
 69
0
 70
0
 71
0
 72
0
 73
0
 74
0
 75
0
 76
0
 77
1
 78
12
 79
3
170
0
171
3
172
1
173
0
174
0
175
0
176
0
177
0
178
0
179
2
271
2
272
2
273
2
274
3
275
0
276
0
277
2
278
46
279
2
280
0
281
0
282
0
283
0
284
8
285
0
286
0
288
1
289
3
290
0
340
4C
371
-2
372
-2
  0
DIMSTYLE
105
7E
330
4
100
AcDbSymbolTableRecord
100
AcDbDimStyleTableRecord
  2
EZ_M_25_H25_CM
 70
0
 40
1.0
 41
0.0625
 42
0.03125
 43
3.75
 44
0.09375
 45
0.0
 46
0.0
 47
0.0
 48
0.0
 49
2.5
140
0.0625
141
2.5
142
0.03125
143
0.03937007874
144
100.0
145
0.0
146
0.5
147
0.025
148
0.0
 69
0
 70
0
 71
0
 72
0
 73
0
 74
0
 75
0
 76
0
 77
1
 78
12
 79
3
170
0
171
3
172
1
173
0
174
0
175
0
176
0
177
0
178
0
179
2
271
2
272
2
273
2
274
3
275
0
276
0
277
2
278
46
279
2
280
0
281
0
282
0
283
0
284
8
285
0
286
0
288
1
289
3
290
0
340
4C
371
-2
372
-2
  0
DIMSTYLE
105
7F
330
4
100
AcDbSymbolTableRecord
100
AcDbDimStyleTableRecord
  2
EZ_M_20_H25_CM
 70
0
 40
1.0
 41
0.05
 42
0.025
 43
3.75
 44
0.07500000000000001
 45
0.0
 46
0.0
 47
0.0
 48
0.0
 49
2.5
140
0.05
141
2.5
142
0.025
143
0.03937007874
144
100.0
145
0.0
146
0.5
147
0.020000000000000004
148
0.0
 69
0
 70
0
 71
0
 72
0
 73
0
 74
0
 75
0
 76
0
 77
1
 78
12
 79
3
170
0
171
3
172
1
173
0
174
0
175
0
176
0
177
0
178
0
179
2
271
2
272
2
273
2
274
3
275
0
276
0
277
2
278
46
279
2
280
0
281
0
282
0
283
0
284
8
285
0
286
0
288
1
289
3
290
0
340
4C
371
-2
372
-2
  0
DIMSTYLE
105
80
330
4
100
AcDbSymbolTableRecord
100
AcDbDimStyleTableRecord
  2
EZ_M_10_H25_CM
 70
0
 40
1.0
 41
0.025
 42
0.0125
 43
3.75
 44
0.037500000000000006
 45
0.0
 46
0.0
 47
0.0
 48
0.0
 49
2.5
140
0.025
141
2.5
142
0.0125
143
0.03937007874
144
100.0
145
0.0
146
0.5
147
0.010000000000000002
148
0.0
 69
0
 70
0
 71
0
 72
0
 73
0
 74
0
 75
0
 76
0
 77
1
 78
12
 79
3
170
0
171
3
172
1
173
0
174
0
175
0
176
0
177
0
178
0
179
2
271
2
272
2
273
2
274
3
275
0
276
0
277
2
278
46
279
2
280
0
281
0
282
0
283
0
284
8
285
0
286
0
288
1
289
3
290
0
340
4C
371
-2
372
-2
  0
DIMSTYLE
105
81
330
4
100
AcDbSymbolTableRecord
100
AcDbDimStyleTableRecord
  2
EZ_M_5_H25_CM
 70
0
 40
1.0
 41
0.0125
 42
0.00625
 43
3.75
 44
0.018750000000000003
 45
0.0
 46
0.0
 47
0.0
 48
0.0
 49
2.5
140
0.0125
141
2.5
142
0.00625
143
0.03937007874
144
100.0
145
0.0
146
0.5
147
0.005000000000000001
148
0.0
 69
0
 70
0
 71
0
 72
0
 73
0
 74
0
 75
0
 76
0
 77
1
 78
12
 79
3
170
0
171
3
172
1
173
0
174
0
175
0
176
0
177
0
178
0
179
2
271
2
272
2
273
2
274
3
275
0
276
0
277
2
278
46
279
2
280
0
281
0
282
0
283
0
284
8
285
0
286
0
288
1
289
3
290
0
340
4C
371
-2
372
-2
  0
DIMSTYLE
105
82
330
4
100
AcDbSymbolTableRecord
100
AcDbDimStyleTableRecord
  2
EZ_M_1_H25_CM
 70
0
 40
1.0
 41
0.0025
 42
0.00125
 43
3.75
 44
0.00375
 45
0.0
 46
0.0
 47
0.0
 48
0.0
 49
2.5
140
0.0025
141
2.5
142
0.00125
143
0.03937007874
144
100.0
145
0.0
146
0.5
147
0.001
148
0.0
 69
0
 70
0
 71
0
 72
0
 73
0
 74
0
 75
0
 76
0
 77
1
 78
12
 79
3
170
0
171
3
172
1
173
0
174
0
175
0
176
0
177
0
178
0
179
2
271
2
272
2
273
2
274
3
275
0
276
0
277
2
278
46
279
2
280
0
281
0
282
0
283
0
284
8
285
0
286
0
288
1
289
3
290
0
340
4C
371
-2
372
-2
  0
DIMSTYLE
105
83
330
4
100
AcDbSymbolTableRecord
100
AcDbDimStyleTableRecord
  2
EZ_RADIUS
 70
0
 40
1.0
 41
0.25
 42
0.125
 43
3.75
 44
0.375
 45
0.0
 46
0.0
 47
0.0
 48
0.0
 49
2.5
140
0.25
141
0.0
142
0.0
143
0.03937007874
144
100.0
145
0.0
146
0.5
147
0.1
148
0.0
 69
0
 70
0
 71
0
 72
0
 73
0
 74
0
 75
0
 76
0
 77
1
 78
12
 79
3
170
0
171
3
172
0
173
0
174
0
175
0
176
0
177
0
178
0
179
2
271
2
272
2
273
2
274
3
275
0
276
0
277
2
278
46
279
1
280
0
281
0
282
0
283
0
284
8
285
0
286
0
288
1
289
3
290
0
340
4C
342
84
371
-2
372
-2
  0
DIMSTYLE
105
88
330
4
100
AcDbSymbolTableRecord
100
AcDbDimStyleTableRecord
  2
EZ_RADIUS_INSIDE
 70
0
 40
1.0
 41
0.25
 42
0.125
 43
3.75
 44
0.375
 45
0.0
 46
0.0
 47
0.0
 48
0.0
 49
2.5
140
0.25
141
0.0
142
0.0
143
0.03937007874
144
100.0
145
0.0
146
0.5
147
0.1
148
0.0
 69
0
 70
0
 71
0
 72
0
 73
0
 74
0
 75
0
 76
0
 77
0
 78
12
 79
3
170
0
171
3
172
0
173
0
174
1
175
0
176
0
177
0
178
0
179
2
271
2
272
2
273
2
274
3
275
0
276
0
277
2
278
46
279
0
280
0
281
0
282
0
283
0
284
8
285
0
286
0
288
1
289
0
290
0
340
4C
342
84
371
-2
372
-2
  0
DIMSTYLE
105
89
330
4
100
AcDbSymbolTableRecord
100
AcDbDimStyleTableRecord
  2
EZ_CURVED
 70
0
 40
1.0
 41
0.25
 42
0.125
 43
3.75
 44
0.375
 45
0.0
 46
0.0
 47
0.0
 48
0.0
 49
2.5
140
0.25
141
2.5
142
0.0
143
0.03937007874
144
100.0
145
0.0
146
0.5
147
0.1
148
0.0
 69
0
 70
0
 71
0
 72
0
 73
0
 74
0
 75
0
 76
0
 77
1
 78
12
 79
2
 90
2
170
0
171
3
172
1
173
0
174
0
175
0
176
0
177
0
178
0
179
2
271
2
272
2
273
2
274
3
275
0
276
0
277
2
278
46
279
2
280
0
281
0
282
0
283
0
284
8
285
0
286
0
288
1
289
3
290
0
340
4C
371
-2
372
-2
  0
ENDTAB
  0
TABLE
  2
BLOCK_RECORD
  5
9
330
0
100
AcDbSymbolTable
 70
5
  0
BLOCK_RECORD
  5
17
330
9
100
AcDbSymbolTableRecord
100
AcDbBlockTableRecord
  2
*Model_Space
340
1A
 70
0
280
1
281
0
  0
BLOCK_RECORD
  5
1B
330
9
100
AcDbSymbolTableRecord
100
AcDbBlockTableRecord
  2
*Paper_Space
340
1E
 70
0
280
1
281
0
  0
BLOCK_RECORD
  5
74
330
9
100
AcDbSymbolTableRecord
100
AcDbBlockTableRecord
  2
_ARCHTICK
340
0
 70
0
280
1
281
0
  0
BLOCK_RECORD
  5
78
330
9
100
AcDbSymbolTableRecord
100
AcDbBlockTableRecord
  2
_CLOSEDFILLED
340
0
 70
0
280
1
281
0
  0
BLOCK_RECORD
  5
84
330
9
100
AcDbSymbolTableRecord
100
AcDbBlockTableRecord
  2
_CLOSEDBLANK
340
0
 70
0
280
1
281
0
  0
ENDTAB
  0
ENDSEC
  0
SECTION
  2
BLOCKS
  0
BLOCK
  5
18
330
17
100
AcDbEntity
  8
0
100
AcDbBlockBegin
  2
*Model_Space
 70
0
 10
0.0
 20
0.0
 30
0.0
  3
*Model_Space
  1

  0
ENDBLK
  5
19
330
17
100
AcDbEntity
  8
0
100
AcDbBlockEnd
  0
BLOCK
  5
1C
330
1B
100
AcDbEntity
  8
0
100
AcDbBlockBegin
  2
*Paper_Space
 70
0
 10
0.0
 20
0.0
 30
0.0
  3
*Paper_Space
  1

  0
ENDBLK
  5
1D
330
1B
100
AcDbEntity
  8
0
100
AcDbBlockEnd
  0
BLOCK
  5
75
330
74
100
AcDbEntity
  8
0
100
AcDbBlockBegin
  2
_ARCHTICK
 70
0
 10
0.0
 20
0.0
 30
0.0
  3
_ARCHTICK
  1

  0
LWPOLYLINE
  5
77
330
74
100
AcDbEntity
  8
0
  6
BYBLOCK
 62
0
100
AcDbPolyline
 90
2
 70
0
 43
0.15
 10
-0.5
 20
-0.5
 10
0.5
 20
0.5
  0
ENDBLK
  5
76
330
74
100
AcDbEntity
  8
0
100
AcDbBlockEnd
  0
BLOCK
  5
79
330
78
100
AcDbEntity
  8
0
100
AcDbBlockBegin
  2
_CLOSEDFILLED
 70
0
 10
0.0
 20
0.0
 30
0.0
  3
_CLOSEDFILLED
  1

  0
SOLID
  5
7B
330
78
100
AcDbEntity
  8
0
  6
BYBLOCK
 62
0
100
AcDbTrace
 10
-1.0
 20
0.16439898372402537
 30
0.0
 11
0.0
 21
0.0
 31
0.0
 12
-1.0
 22
-0.16439898372402537
 32
0.0
 13
-1.0
 23
-0.16439898372402537
 33
0.0
  0
ENDBLK
  5
7A
330
78
100
AcDbEntity
  8
0
100
AcDbBlockEnd
  0
BLOCK
  5
85
330
84
100
AcDbEntity
  8
0
100
AcDbBlockBegin
  2
_CLOSEDBLANK
 70
0
 10
0.0
 20
0.0
 30
0.0
  3
_CLOSEDBLANK
  1

  0
LWPOLYLINE
  5
87
330
84
100
AcDbEntity
  8
0
  6
BYBLOCK
 62
0
100
AcDbPolyline
 90
3
 70
1
 10
-1.0
 20
0.16439898372402537
 10
0.0
 20
0.0
 10
-1.0
 20
-0.16439898372402537
  0
ENDBLK
  5
86
330
84
100
AcDbEntity
  8
0
100
AcDbBlockEnd
  0
ENDSEC
  0
SECTION
  2
ENTITIES
  0
LWPOLYLINE
  5
8A
330
17
100
AcDbEntity
  8
0
100
AcDbPolyline
 90
765
 70
1
 10
26.689999999999998
 20
-512.0000000000001
 10
26.70641193606008
 20
-515.9911757699888
 10
26.755646634221193
 20
-519.9820815973775
 10
26.837700764501733
 20
-523.9724475578245
 10
26.952568777182364
 20
-527.9620037635012
 10
27.100242903181595
 20
-531.9504803813466
 10
27.280713154581008
 20
-535.9376076513178
 10
27.493967325301185
 20
-539.9231159046356
 10
27.739990991926902
 20
-543.9067355820204
 10
28.01876751468285
 20
-547.8881972519289
 10
28.330278038558845
 20
-551.8672316287726
 10
28.674501494585456
 20
-555.8435695911334
 10
29.051414601258728
 20
-559.816942199964
 10
29.460991866114796
 20
-563.7870807167797
 10
29.90320558745418
 20
-567.7537166218318
 10
30.3780258562154
 20
-571.7165816322711
 10
30.885420557997804
 20
-575.6754077202916
 10
31.425355375233664
 20
-579.62992713126
 10
31.99779378950916
 20
-583.5798724018241
 10
32.60269708403439
 20
-587.524976378003
 10
33.240024346261976
 20
-591.4649722332563
 10
33.909732470654035
 20
-595.3995934865296
 10
34.6117761615979
 20
-599.328574020281
 10
35.34610793646931
 20
-603.2516480984758
 10
36.11267812884421
 20
-607.1685503845622
 10
36.91143489185794
 20
-611.0790159594181
 10
37.74232420171131
 20
-614.9827803392648
 10
38.60528986132539
 20
-618.8795794935602
 10
39.500273504141774
 20
-622.769149862853
 10
40.42721459807041
 20
-626.6512283766103
 10
41.38605044958348
 20
-630.5255524710094
 10
42.376716207956065
 20
-634.3918601066973
 10
43.399144869651934
 20
-638.2498897865124
 10
44.45326728285528
 20
-642.0993805731712
 10
45.539012152148246
 20
-645.9400721069177
 10
46.65630604333285
 20
-649.7717046231326
 10
47.80507338839675
 20
-653.5940189698996
 10
48.985236490626164
 20
-657.4067566255387
 10
50.19671552985892
 20
-661.2096597160851
 10
51.43942856788436
 20
-665.0024710327356
 10
52.713291553984675
 20
-668.7849340492413
 10
54.018218330619845
 20
-672.5567929392594
 10
55.354120639254916
 20
-676.3177925936562
 10
56.720908126329164
 20
-680.0676786377607
 10
58.11848834936711
 20
-683.8061974485681
 10
59.54676678323142
 20
-687.5330961718969
 10
61.0056468265152
 20
-691.2481227394866
 10
62.49502980807648
 20
-694.9510258860495
 10
64.0148149937113
 20
-698.6415551662633
 10
65.56489959296687
 20
-702.31946097171
 10
67.14517876609426
 20
-705.9844945477596
 10
68.75554563113838
 20
-709.6364080103921
 10
70.3958912711679
 20
-713.2749543629654
 10
72.06610474164114
 20
-716.8998875129203
 10
73.76607307790994
 20
-720.5109622884231
 10
75.49568130286008
 20
-724.1079344549509
 10
77.25481243468784
 20
-727.6905607318075
 10
79.04334749481177
 20
-731.2585988085797
 10
80.86116551592022
 20
-734.8118073615249
 10
82.70814355015256
 20
-738.3499460698931
 10
84.58415667741463
 20
-741.8727756321814
 10
86.48907801382808
 20
-745.3800577823176
 10
88.42277872031218
 20
-748.8715553057783
 10
90.38512801129758
 20
-752.34703205563
 10
92.3759931635716
 20
-755.8062529685019
 10
94.39523952525604
 20
-759.2489840804847
 10
96.44273052491326
 20
-762.6749925429541
 10
98.51832768078344
 20
-766.0840466383202
 10
100.6218906101517
 20
-769.4759157956992
 10
102.75327703884096
 20
-772.8503706065076
 10
104.91234281083683
 20
-776.2071828399796
 10
107.09894189803578
 20
-779.5461254586016
 10
109.31292641012266
 20
-782.8669726334695
 10
111.5541466045733
 20
-786.169499759562
 10
113.82245089678185
 20
-789.4534834709311
 10
116.11768587031315
 20
-792.7187016558105
 10
118.4396962872799
 20
-795.9649334716376
 10
120.78832509884109
 20
-799.1919593599896
 10
123.1634134558243
 20
-802.3995610614344
 10
125.56480071947016
 20
-805.587521630292
 10
127.99232447229588
 20
-808.7556254493072
 10
130.44582052908095
 20
-811.9036582442329
 10
132.9251229479725
 20
-815.031407098324
 10
135.43006404170757
 20
-818.1386604667362
 10
137.960474388955
 20
-821.2252081908337
 10
140.51618284577478
 20
-824.2908415124052
 10
143.09701655719255
 20
-827.3353530877813
 10
145.70280096889093
 20
-830.3585370018591
 10
148.33335983901577
 20
-833.3601887820289
 10
150.9885152500961
 20
-836.340105412004
 10
153.66808762107667
 20
-839.298085345551
 10
156.3718957194656
 20
-842.2339285201224
 10
159.0997566735902
 20
-845.1474363703866
 10
161.8514859849672
 20
-848.0384118416589
 10
164.62689754077985
 20
-850.9066594032288
 10
167.42580362646618
 20
-853.7519850615843
 10
170.24801493841574
 20
-856.5741963735338
 10
173.0933405967712
 20
-859.3731024592203
 10
175.961588158341
 20
-862.1485140150328
 10
178.85256362961348
 20
-864.9002433264098
 10
181.76607147987778
 20
-867.6281042805347
 10
184.7019146544489
 20
-870.3319123789233
 10
187.659894587996
 20
-873.011484749904
 10
190.639811217971
 20
-875.6666401609841
 10
193.64146299814087
 20
-878.2971990311091
 10
196.6646469122187
 20
-880.9029834428075
 10
199.70915848759506
 20
-883.4838171542254
 10
202.77479180916646
 20
-886.0395256110451
 10
205.86133953326402
 20
-888.5699359582925
 10
208.96859290167606
 20
-891.0748770520277
 10
212.09634175576707
 20
-893.554179470919
 10
215.24437455069307
 20
-896.0076755277044
 10
218.41247836970803
 20
-898.4351992805299
 10
221.6004389385655
 20
-900.8365865441756
 10
224.8080406400104
 20
-903.211674901159
 10
228.03506652836234
 20
-905.56030371272
 10
231.2812983441894
 20
-907.8823141296868
 10
234.5465165290691
 20
-910.1775491032183
 10
237.83050024043814
 20
-912.4458533954268
 10
241.1330273665306
 20
-914.6870735898774
 10
244.45387454139865
 20
-916.9010581019644
 10
247.79281716002055
 20
-919.0876571891632
 10
251.14962939349238
 20
-921.246722961159
 10
254.52408420430083
 20
-923.3781093898483
 10
257.91595336167995
 20
-925.4816723192166
 10
261.3250074570459
 20
-927.5572694750867
 10
264.75101591951545
 20
-929.604760474744
 10
268.1937470314982
 20
-931.6240068364284
 10
271.6529679443702
 20
-933.6148719887026
 10
275.1284446942216
 20
-935.5772212796878
 10
278.61994221768236
 20
-937.510921986172
 10
282.12722436781894
 20
-939.4158433225855
 10
285.65005393010694
 20
-941.2918564498475
 10
289.18819263847496
 20
-943.1388344840798
 10
292.74140119142044
 20
-944.9566525051882
 10
296.3094392681927
 20
-946.7451875653123
 10
299.89206554504926
 20
-948.50431869714
 10
303.4890377115769
 20
-950.2339269220901
 10
307.10011248707985
 20
-951.9338952583589
 10
310.7250456370343
 20
-953.604108728832
 10
314.363591989608
 20
-955.2444543688616
 10
318.0155054522404
 20
-956.8548212339058
 10
321.68053902829
 20
-958.4351004070331
 10
325.35844483373694
 20
-959.9851850062887
 10
329.0489741139506
 20
-961.5049701919236
 10
332.75187726051354
 20
-962.9943531734848
 10
336.46690382810345
 20
-964.4532332167687
 10
340.1938025514318
 20
-965.8815116506329
 10
343.9323213622394
 20
-967.279091873671
 10
347.6822074063437
 20
-968.6458793607451
 10
351.4432070607406
 20
-969.9817816693801
 10
355.2150659507588
 20
-971.2867084460154
 10
358.99752896726454
 20
-972.5605714321157
 10
362.7903402839148
 20
-973.8032844701411
 10
366.5932433744615
 20
-975.0147635093739
 10
370.4059810301005
 20
-976.1949266116033
 10
374.2282953768678
 20
-977.3436939566673
 10
378.0599278930823
 20
-978.4609878478518
 10
381.90061942682894
 20
-979.5467327171448
 10
385.75011021348786
 20
-980.6008551303482
 10
389.60813989330273
 20
-981.6232837920439
 10
393.47444752899054
 20
-982.6139495504165
 10
397.3487716233897
 20
-983.5727854019297
 10
401.23085013714706
 20
-984.4997264958582
 10
405.12042050644004
 20
-985.3947101386747
 10
409.0172196607352
 20
-986.2576757982887
 10
412.92098404058214
 20
-987.0885651081421
 10
416.8314496154376
 20
-987.8873218711558
 10
420.74835190152436
 20
-988.6538920635307
 10
424.67142597971906
 20
-989.3882238384022
 10
428.6004065134704
 20
-990.090267529346
 10
432.5350277667439
 20
-990.7599756537381
 10
436.4750236219971
 20
-991.3973029159656
 10
440.42012759817595
 20
-992.0022062104908
 10
444.37007286873984
 20
-992.5746446247663
 10
448.32459227970844
 20
-993.1145794420022
 10
452.28341836772904
 20
-993.6219741437847
 10
456.24628337816824
 20
-994.0967944125458
 10
460.2129192832205
 20
-994.5390081338852
 10
464.18305780003607
 20
-994.9485853987412
 10
468.15643040886675
 20
-995.3254985054145
 10
472.1327683712276
 20
-995.6697219614412
 10
476.11180274807134
 20
-995.9812324853172
 10
480.0932644179797
 20
-996.2600090080731
 10
484.0768840953649
 20
-996.5060326746989
 10
488.062392348682
 20
-996.719286845419
 10
492.04951961865345
 20
-996.8997570968183
 10
496.03799623649905
 20
-997.0474312228176
 10
500.02755244217553
 20
-997.1622992354983
 10
504.0179184026225
 20
-997.2443533657788
 10
508.00882423001156
 20
-997.29358806394
 10
512.0
 20
-997.31
 10
515.9911757699886
 20
-997.29358806394
 10
519.9820815973775
 20
-997.2443533657788
 10
523.9724475578246
 20
-997.1622992354983
 10
527.9620037635011
 20
-997.0474312228176
 10
531.9504803813467
 20
-996.8997570968183
 10
535.9376076513179
 20
-996.719286845419
 10
539.9231159046352
 20
-996.5060326746989
 10
543.9067355820205
 20
-996.2600090080731
 10
547.8881972519287
 20
-995.9812324853172
 10
551.8672316287726
 20
-995.6697219614412
 10
555.8435695911331
 20
-995.3254985054145
 10
559.8169421999642
 20
-994.9485853987412
 10
563.7870807167797
 20
-994.5390081338852
 10
567.7537166218318
 20
-994.0967944125458
 10
571.7165816322708
 20
-993.6219741437847
 10
575.6754077202917
 20
-993.1145794420022
 10
579.6299271312602
 20
-992.5746446247663
 10
583.5798724018241
 20
-992.0022062104908
 10
587.524976378003
 20
-991.3973029159656
 10
591.464972233256
 20
-990.7599756537381
 10
595.3995934865299
 20
-990.090267529346
 10
599.3285740202808
 20
-989.3882238384022
 10
603.2516480984757
 20
-988.6538920635307
 10
607.1685503845624
 20
-987.8873218711558
 10
611.079015959418
 20
-987.0885651081421
 10
614.9827803392649
 20
-986.2576757982887
 10
618.8795794935601
 20
-985.3947101386746
 10
622.7691498628529
 20
-984.4997264958582
 10
626.6512283766102
 20
-983.5727854019297
 10
630.5255524710096
 20
-982.6139495504165
 10
634.3918601066972
 20
-981.6232837920439
 10
638.2498897865122
 20
-980.6008551303482
 10
642.0993805731711
 20
-979.5467327171448
 10
645.9400721069178
 20
-978.4609878478517
 10
649.7717046231323
 20
-977.3436939566673
 10
653.5940189698997
 20
-976.1949266116033
 10
657.4067566255385
 20
-975.0147635093739
 10
661.2096597160851
 20
-973.8032844701411
 10
665.0024710327357
 20
-972.5605714321157
 10
668.7849340492412
 20
-971.2867084460154
 10
672.5567929392596
 20
-969.9817816693801
 10
676.3177925936562
 20
-968.6458793607451
 10
680.0676786377605
 20
-967.279091873671
 10
683.8061974485682
 20
-965.8815116506328
 10
687.5330961718968
 20
-964.4532332167687
 10
691.2481227394866
 20
-962.9943531734848
 10
694.9510258860496
 20
-961.5049701919236
 10
698.6415551662632
 20
-959.9851850062887
 10
702.31946097171
 20
-958.4351004070331
 10
705.9844945477595
 20
-956.8548212339058
 10
709.636408010392
 20
-955.2444543688616
 10
713.2749543629656
 20
-953.604108728832
 10
716.8998875129203
 20
-951.9338952583588
 10
720.510962288423
 20
-950.2339269220902
 10
724.1079344549507
 20
-948.50431869714
 10
727.6905607318075
 20
-946.7451875653121
 10
731.2585988085798
 20
-944.9566525051882
 10
734.8118073615249
 20
-943.1388344840798
 10
738.3499460698931
 20
-941.2918564498475
 10
741.8727756321812
 20
-939.4158433225855
 10
745.3800577823175
 20
-937.510921986172
 10
748.8715553057784
 20
-935.5772212796878
 10
752.3470320556298
 20
-933.6148719887026
 10
755.8062529685019
 20
-931.6240068364284
 10
759.2489840804848
 20
-929.6047604747439
 10
762.6749925429541
 20
-927.5572694750867
 10
766.0840466383202
 20
-925.4816723192165
 10
769.4759157956992
 20
-923.3781093898483
 10
772.8503706065077
 20
-921.2467229611589
 10
776.2071828399794
 20
-919.0876571891632
 10
779.5461254586014
 20
-916.9010581019643
 10
782.8669726334695
 20
-914.6870735898774
 10
786.1694997595619
 20
-912.4458533954268
 10
789.4534834709311
 20
-910.1775491032181
 10
792.7187016558106
 20
-907.8823141296868
 10
795.9649334716377
 20
-905.56030371272
 10
799.1919593599896
 20
-903.2116749011589
 10
802.3995610614347
 20
-900.8365865441755
 10
805.587521630292
 20
-898.4351992805299
 10
808.755625449307
 20
-896.0076755277044
 10
811.9036582442329
 20
-893.554179470919
 10
815.031407098324
 20
-891.0748770520277
 10
818.1386604667359
 20
-888.5699359582925
 10
821.2252081908337
 20
-886.0395256110451
 10
824.290841512405
 20
-883.4838171542253
 10
827.3353530877813
 20
-880.9029834428075
 10
830.3585370018591
 20
-878.2971990311091
 10
833.3601887820291
 20
-875.6666401609841
 10
836.340105412004
 20
-873.011484749904
 10
839.2980853455509
 20
-870.3319123789233
 10
842.2339285201222
 20
-867.6281042805347
 10
845.1474363703866
 20
-864.9002433264097
 10
848.038411841659
 20
-862.1485140150328
 10
850.9066594032288
 20
-859.3731024592203
 10
853.7519850615844
 20
-856.5741963735338
 10
856.5741963735338
 20
-853.7519850615843
 10
859.3731024592203
 20
-850.9066594032288
 10
862.1485140150328
 20
-848.0384118416589
 10
864.9002433264098
 20
-845.1474363703865
 10
867.6281042805347
 20
-842.2339285201222
 10
870.3319123789234
 20
-839.2980853455508
 10
873.011484749904
 20
-836.3401054120039
 10
875.6666401609841
 20
-833.360188782029
 10
878.2971990311091
 20
-830.3585370018591
 10
880.9029834428075
 20
-827.3353530877813
 10
883.4838171542253
 20
-824.290841512405
 10
886.0395256110451
 20
-821.2252081908337
 10
888.5699359582925
 20
-818.138660466736
 10
891.0748770520277
 20
-815.031407098324
 10
893.554179470919
 20
-811.9036582442329
 10
896.0076755277044
 20
-808.7556254493069
 10
898.4351992805299
 20
-805.587521630292
 10
900.8365865441756
 20
-802.3995610614346
 10
903.2116749011589
 20
-799.1919593599896
 10
905.56030371272
 20
-795.9649334716376
 10
907.8823141296867
 20
-792.7187016558107
 10
910.1775491032182
 20
-789.453483470931
 10
912.4458533954269
 20
-786.1694997595617
 10
914.6870735898774
 20
-782.8669726334693
 10
916.9010581019643
 20
-779.5461254586014
 10
919.0876571891632
 20
-776.2071828399795
 10
921.2467229611591
 20
-772.8503706065076
 10
923.3781093898485
 20
-769.4759157956989
 10
925.4816723192165
 20
-766.0840466383202
 10
927.5572694750867
 20
-762.6749925429541
 10
929.6047604747439
 20
-759.2489840804847
 10
931.6240068364284
 20
-755.8062529685019
 10
933.6148719887025
 20
-752.34703205563
 10
935.5772212796878
 20
-748.8715553057782
 10
937.510921986172
 20
-745.3800577823176
 10
939.4158433225855
 20
-741.8727756321812
 10
941.2918564498475
 20
-738.3499460698931
 10
943.1388344840798
 20
-734.811807361525
 10
944.9566525051881
 20
-731.2585988085798
 10
946.7451875653122
 20
-727.6905607318074
 10
948.50431869714
 20
-724.1079344549505
 10
950.2339269220902
 20
-720.510962288423
 10
951.9338952583589
 20
-716.8998875129203
 10
953.604108728832
 20
-713.2749543629657
 10
955.2444543688616
 20
-709.6364080103921
 10
956.8548212339058
 20
-705.9844945477594
 10
958.4351004070331
 20
-702.31946097171
 10
959.9851850062887
 20
-698.6415551662632
 10
961.5049701919236
 20
-694.9510258860495
 10
962.9943531734848
 20
-691.2481227394865
 10
964.4532332167687
 20
-687.5330961718969
 10
965.8815116506329
 20
-683.8061974485681
 10
967.279091873671
 20
-680.0676786377605
 10
968.6458793607451
 20
-676.3177925936562
 10
969.9817816693801
 20
-672.5567929392595
 10
971.2867084460154
 20
-668.7849340492412
 10
972.5605714321157
 20
-665.0024710327355
 10
973.8032844701411
 20
-661.2096597160852
 10
975.014763509374
 20
-657.4067566255384
 10
976.1949266116033
 20
-653.5940189698996
 10
977.3436939566673
 20
-649.7717046231323
 10
978.4609878478516
 20
-645.940072106918
 10
979.5467327171448
 20
-642.0993805731711
 10
980.6008551303482
 20
-638.2498897865121
 10
981.6232837920439
 20
-634.3918601066972
 10
982.6139495504165
 20
-630.5255524710095
 10
983.5727854019297
 20
-626.6512283766103
 10
984.4997264958582
 20
-622.7691498628529
 10
985.3947101386746
 20
-618.8795794935602
 10
986.2576757982888
 20
-614.9827803392648
 10
987.0885651081421
 20
-611.0790159594179
 10
987.8873218711558
 20
-607.1685503845624
 10
988.6538920635307
 20
-603.2516480984757
 10
989.3882238384022
 20
-599.3285740202809
 10
990.090267529346
 20
-595.3995934865296
 10
990.7599756537381
 20
-591.464972233256
 10
991.3973029159656
 20
-587.5249763780029
 10
992.0022062104908
 20
-583.5798724018241
 10
992.5746446247663
 20
-579.6299271312602
 10
993.1145794420022
 20
-575.6754077202918
 10
993.6219741437847
 20
-571.716581632271
 10
994.0967944125458
 20
-567.7537166218317
 10
994.5390081338852
 20
-563.7870807167795
 10
994.9485853987412
 20
-559.816942199964
 10
995.3254985054145
 20
-555.843569591133
 10
995.6697219614412
 20
-551.8672316287725
 10
995.9812324853172
 20
-547.8881972519288
 10
996.2600090080731
 20
-543.9067355820202
 10
996.5060326746989
 20
-539.9231159046353
 10
996.719286845419
 20
-535.9376076513179
 10
996.8997570968183
 20
-531.9504803813466
 10
997.0474312228176
 20
-527.9620037635011
 10
997.1622992354983
 20
-523.9724475578245
 10
997.2443533657788
 20
-519.9820815973774
 10
997.29358806394
 20
-515.9911757699886
 10
997.31
 20
-512.0
 10
997.29358806394
 20
-508.0088242300113
 10
997.2443533657788
 20
-504.01791840262246
 10
997.1622992354983
 20
-500.02755244217553
 10
997.0474312228176
 20
-496.03799623649894
 10
996.8997570968183
 20
-492.04951961865345
 10
996.719286845419
 20
-488.06239234868207
 10
996.5060326746989
 20
-484.0768840953648
 10
996.2600090080731
 20
-480.0932644179797
 10
995.9812324853172
 20
-476.1118027480713
 10
995.6697219614412
 20
-472.13276837122754
 10
995.3254985054145
 20
-468.15643040886687
 10
994.9485853987412
 20
-464.183057800036
 10
994.5390081338852
 20
-460.21291928322034
 10
994.0967944125458
 20
-456.24628337816824
 10
993.6219741437847
 20
-452.28341836772904
 10
993.1145794420022
 20
-448.3245922797084
 10
992.5746446247663
 20
-444.37007286873995
 10
992.0022062104908
 20
-440.4201275981759
 10
991.3973029159656
 20
-436.475023621997
 10
990.7599756537381
 20
-432.53502776674395
 10
990.090267529346
 20
-428.6004065134703
 10
989.3882238384022
 20
-424.6714259797191
 10
988.6538920635307
 20
-420.74835190152436
 10
987.8873218711558
 20
-416.8314496154376
 10
987.0885651081421
 20
-412.9209840405821
 10
986.2576757982887
 20
-409.01721966073524
 10
985.3947101386747
 20
-405.1204205064399
 10
984.4997264958582
 20
-401.2308501371471
 10
983.5727854019297
 20
-397.3487716233898
 10
982.6139495504165
 20
-393.47444752899054
 10
981.6232837920439
 20
-389.60813989330273
 10
980.6008551303482
 20
-385.7501102134878
 10
979.5467327171448
 20
-381.90061942682894
 10
978.4609878478517
 20
-378.0599278930822
 10
977.3436939566673
 20
-374.2282953768678
 10
976.1949266116033
 20
-370.40598103010035
 10
975.0147635093739
 20
-366.5932433744615
 10
973.8032844701411
 20
-362.79034028391493
 10
972.5605714321157
 20
-358.9975289672645
 10
971.2867084460154
 20
-355.2150659507588
 10
969.9817816693801
 20
-351.4432070607405
 10
968.6458793607451
 20
-347.68220740634365
 10
967.279091873671
 20
-343.93232136223946
 10
965.8815116506329
 20
-340.1938025514318
 10
964.4532332167687
 20
-336.4669038281032
 10
962.9943531734848
 20
-332.7518772605135
 10
961.5049701919236
 20
-329.0489741139505
 10
959.9851850062887
 20
-325.35844483373694
 10
958.4351004070331
 20
-321.68053902828996
 10
956.8548212339058
 20
-318.0155054522405
 10
955.2444543688616
 20
-314.3635919896079
 10
953.604108728832
 20
-310.7250456370344
 10
951.9338952583589
 20
-307.10011248707985
 10
950.2339269220902
 20
-303.48903771157694
 10
948.50431869714
 20
-299.89206554504926
 10
946.7451875653123
 20
-296.30943926819265
 10
944.9566525051882
 20
-292.7414011914203
 10
943.1388344840798
 20
-289.18819263847513
 10
941.2918564498475
 20
-285.65005393010694
 10
939.4158433225855
 20
-282.12722436781894
 10
937.510921986172
 20
-278.6199422176824
 10
935.5772212796878
 20
-275.1284446942217
 10
933.6148719887025
 20
-271.65296794437006
 10
931.6240068364284
 20
-268.1937470314981
 10
929.6047604747439
 20
-264.7510159195154
 10
927.5572694750867
 20
-261.3250074570459
 10
925.4816723192165
 20
-257.9159533616797
 10
923.3781093898483
 20
-254.5240842043009
 10
921.2467229611591
 20
-251.1496293934925
 10
919.0876571891633
 20
-247.7928171600206
 10
916.9010581019643
 20
-244.45387454139853
 10
914.6870735898774
 20
-241.1330273665306
 10
912.4458533954266
 20
-237.83050024043808
 10
910.1775491032182
 20
-234.54651652906898
 10
907.8823141296868
 20
-231.28129834418945
 10
905.56030371272
 20
-228.03506652836245
 10
903.2116749011589
 20
-224.80804064001035
 10
900.8365865441756
 20
-221.6004389385655
 10
898.4351992805299
 20
-218.41247836970803
 10
896.0076755277044
 20
-215.244374550693
 10
893.554179470919
 20
-212.09634175576707
 10
891.0748770520275
 20
-208.96859290167595
 10
888.5699359582925
 20
-205.86133953326402
 10
886.0395256110451
 20
-202.7747918091664
 10
883.4838171542252
 20
-199.70915848759483
 10
880.9029834428075
 20
-196.6646469122187
 10
878.2971990311091
 20
-193.64146299814092
 10
875.6666401609841
 20
-190.63981121797104
 10
873.011484749904
 20
-187.65989458799606
 10
870.3319123789233
 20
-184.701914654449
 10
867.6281042805346
 20
-181.76607147987772
 10
864.9002433264098
 20
-178.85256362961348
 10
862.1485140150328
 20
-175.96158815834116
 10
859.3731024592203
 20
-173.0933405967712
 10
856.5741963735338
 20
-170.24801493841557
 10
853.7519850615845
 20
-167.4258036264663
 10
850.9066594032288
 20
-164.62689754077974
 10
848.0384118416589
 20
-161.85148598496716
 10
845.1474363703866
 20
-159.0997566735902
 10
842.2339285201224
 20
-156.3718957194655
 10
839.298085345551
 20
-153.66808762107667
 10
836.340105412004
 20
-150.98851525009604
 10
833.3601887820291
 20
-148.33335983901594
 10
830.3585370018591
 20
-145.70280096889093
 10
827.3353530877813
 20
-143.09701655719255
 10
824.2908415124052
 20
-140.51618284577478
 10
821.2252081908337
 20
-137.960474388955
 10
818.1386604667359
 20
-135.43006404170745
 10
815.031407098324
 20
-132.92512294797245
 10
811.9036582442329
 20
-130.4458205290809
 10
808.755625449307
 20
-127.9923244722957
 10
805.587521630292
 20
-125.56480071947021
 10
802.3995610614345
 20
-123.16341345582441
 10
799.1919593599896
 20
-120.78832509884114
 10
795.9649334716376
 20
-118.43969628727996
 10
792.7187016558106
 20
-116.11768587031321
 10
789.453483470931
 20
-113.82245089678173
 10
786.169499759562
 20
-111.5541466045733
 10
782.8669726334695
 20
-109.3129264101226
 10
779.5461254586014
 20
-107.09894189803566
 10
776.2071828399794
 20
-104.91234281083678
 10
772.8503706065076
 20
-102.75327703884096
 10
769.4759157956992
 20
-100.62189061015164
 10
766.0840466383203
 20
-98.51832768078356
 10
762.6749925429541
 20
-96.44273052491326
 10
759.2489840804845
 20
-94.39523952525604
 10
755.8062529685019
 20
-92.37599316357165
 10
752.3470320556298
 20
-90.38512801129747
 10
748.8715553057784
 20
-88.42277872031224
 10
745.3800577823175
 20
-86.48907801382802
 10
741.8727756321812
 20
-84.58415667741451
 10
738.3499460698931
 20
-82.7081435501525
 10
734.8118073615249
 20
-80.86116551592022
 10
731.2585988085798
 20
-79.04334749481183
 10
727.6905607318074
 20
-77.25481243468778
 10
724.1079344549507
 20
-75.49568130286002
 10
720.510962288423
 20
-73.76607307790988
 10
716.8998875129203
 20
-72.0661047416412
 10
713.2749543629656
 20
-70.39589127116795
 10
709.6364080103921
 20
-68.75554563113838
 10
705.9844945477595
 20
-67.1451787660942
 10
702.31946097171
 20
-65.56489959296687
 10
698.6415551662632
 20
-64.0148149937113
 10
694.9510258860495
 20
-62.495029808076424
 10
691.2481227394866
 20
-61.00564682651515
 10
687.5330961718968
 20
-59.54676678323136
 10
683.8061974485682
 20
-58.11848834936717
 10
680.0676786377605
 20
-56.72090812632911
 10
676.3177925936563
 20
-55.354120639254916
 10
672.5567929392596
 20
-54.0182183306199
 10
668.7849340492412
 20
-52.71329155398462
 10
665.0024710327357
 20
-51.43942856788436
 10
661.2096597160851
 20
-50.19671552985892
 10
657.4067566255385
 20
-48.98523649062611
 10
653.5940189698997
 20
-47.805073388396806
 10
649.7717046231323
 20
-46.656306043332734
 10
645.9400721069178
 20
-45.5390121521483
 10
642.0993805731712
 20
-44.45326728285522
 10
638.2498897865122
 20
-43.39914486965182
 10
634.3918601066972
 20
-42.376716207956065
 10
630.5255524710096
 20
-41.386050449583536
 10
626.6512283766102
 20
-40.42721459807035
 10
622.7691498628529
 20
-39.500273504141774
 10
618.8795794935601
 20
-38.60528986132539
 10
614.9827803392649
 20
-37.74232420171131
 10
611.0790159594179
 20
-36.91143489185788
 10
607.1685503845625
 20
-36.112678128844266
 10
603.2516480984757
 20
-35.34610793646931
 10
599.3285740202808
 20
-34.6117761615979
 10
595.3995934865296
 20
-33.909732470654035
 10
591.464972233256
 20
-33.24002434626192
 10
587.524976378003
 20
-32.60269708403433
 10
583.5798724018241
 20
-31.99779378950916
 10
579.6299271312602
 20
-31.425355375233664
 10
575.6754077202916
 20
-30.885420557997804
 10
571.716581632271
 20
-30.3780258562154
 10
567.7537166218318
 20
-29.90320558745418
 10
563.7870807167797
 20
-29.460991866114796
 10
559.8169421999639
 20
-29.051414601258728
 10
555.8435695911332
 20
-28.674501494585456
 10
551.8672316287726
 20
-28.330278038558845
 10
547.8881972519287
 20
-28.018767514682793
 10
543.9067355820205
 20
-27.739990991926902
 10
539.9231159046352
 20
-27.493967325301185
 10
535.937607651318
 20
-27.280713154581008
 10
531.9504803813467
 20
-27.100242903181595
 10
527.9620037635011
 20
-26.952568777182364
 10
523.9724475578244
 20
-26.837700764501733
 10
519.9820815973776
 20
-26.755646634221193
 10
515.9911757699886
 20
-26.70641193606008
 10
512.0
 20
-26.689999999999998
 10
508.00882423001156
 20
-26.70641193606002
 10
504.0179184026225
 20
-26.755646634221193
 10
500.0275524421754
 20
-26.837700764501733
 10
496.03799623649905
 20
-26.952568777182364
 10
492.04951961865345
 20
-27.100242903181595
 10
488.06239234868224
 20
-27.280713154581008
 10
484.0768840953648
 20
-27.493967325301185
 10
480.0932644179797
 20
-27.739990991926902
 10
476.11180274807134
 20
-28.018767514682793
 10
472.1327683712276
 20
-28.330278038558845
 10
468.156430408867
 20
-28.674501494585456
 10
464.18305780003595
 20
-29.051414601258728
 10
460.2129192832205
 20
-29.460991866114796
 10
456.24628337816824
 20
-29.90320558745418
 10
452.2834183677292
 20
-30.3780258562154
 10
448.32459227970844
 20
-30.885420557997804
 10
444.37007286873984
 20
-31.425355375233664
 10
440.42012759817595
 20
-31.99779378950916
 10
436.4750236219971
 20
-32.60269708403433
 10
432.5350277667439
 20
-33.24002434626192
 10
428.6004065134703
 20
-33.909732470654035
 10
424.67142597971906
 20
-34.6117761615979
 10
420.74835190152436
 20
-35.34610793646931
 10
416.83144961543775
 20
-36.11267812884421
 10
412.92098404058214
 20
-36.91143489185782
 10
409.0172196607352
 20
-37.74232420171131
 10
405.12042050644004
 20
-38.60528986132533
 10
401.23085013714706
 20
-39.500273504141774
 10
397.3487716233897
 20
-40.42721459807035
 10
393.47444752899054
 20
-41.38605044958348
 10
389.60813989330273
 20
-42.376716207956065
 10
385.75011021348786
 20
-43.39914486965182
 10
381.9006194268291
 20
-44.453267282855165
 10
378.0599278930821
 20
-45.53901215214836
 10
374.2282953768678
 20
-46.656306043332734
 10
370.4059810301005
 20
-47.80507338839675
 10
366.5932433744615
 20
-48.98523649062611
 10
362.7903402839148
 20
-50.19671552985892
 10
358.99752896726454
 20
-51.439428567884306
 10
355.2150659507588
 20
-52.713291553984675
 10
351.4432070607406
 20
-54.018218330619845
 10
347.6822074063437
 20
-55.354120639254916
 10
343.9323213622394
 20
-56.72090812632911
 10
340.1938025514318
 20
-58.11848834936711
 10
336.46690382810345
 20
-59.546766783231305
 10
332.75187726051354
 20
-61.00564682651515
 10
329.0489741139505
 20
-62.49502980807648
 10
325.35844483373694
 20
-64.01481499371124
 10
321.68053902829
 20
-65.56489959296687
 10
318.01550545224063
 20
-67.14517876609415
 10
314.363591989608
 20
-68.75554563113838
 10
310.7250456370343
 20
-70.39589127116801
 10
307.10011248707985
 20
-72.06610474164108
 10
303.4890377115769
 20
-73.76607307790994
 10
299.89206554504926
 20
-75.49568130286002
 10
296.30943926819253
 20
-77.25481243468778
 10
292.74140119142044
 20
-79.04334749481171
 10
289.1881926384752
 20
-80.86116551592022
 10
285.65005393010694
 20
-82.7081435501525
 10
282.12722436781894
 20
-84.58415667741451
 10
278.61994221768236
 20
-86.48907801382802
 10
275.1284446942216
 20
-88.42277872031224
 10
271.6529679443702
 20
-90.38512801129741
 10
268.1937470314982
 20
-92.37599316357154
 10
264.7510159195153
 20
-94.3952395252561
 10
261.3250074570459
 20
-96.4427305249132
 10
257.91595336167995
 20
-98.51832768078339
 10
254.52408420430106
 20
-100.62189061015152
 10
251.14962939349238
 20
-102.75327703884102
 10
247.79281716002072
 20
-104.91234281083666
 10
244.45387454139865
 20
-107.0989418980356
 10
241.1330273665306
 20
-109.3129264101226
 10
237.83050024043814
 20
-111.55414660457325
 10
234.54651652906892
 20
-113.82245089678179
 10
231.2812983441894
 20
-116.11768587031321
 10
228.03506652836234
 20
-118.43969628728001
 10
224.8080406400104
 20
-120.78832509884103
 10
221.60043893856533
 20
-123.16341345582453
 10
218.41247836970803
 20
-125.5648007194701
 10
215.24437455069307
 20
-127.9923244722957
 10
212.09634175576707
 20
-130.4458205290809
 10
208.96859290167606
 20
-132.92512294797234
 10
205.86133953326402
 20
-135.4300640417075
 10
202.77479180916646
 20
-137.96047438895494
 10
199.70915848759506
 20
-140.51618284577455
 10
196.6646469122187
 20
-143.0970165571925
 10
193.64146299814087
 20
-145.70280096889093
 10
190.639811217971
 20
-148.33335983901588
 10
187.659894587996
 20
-150.98851525009604
 10
184.70191465444907
 20
-153.6680876210766
 10
181.76607147987778
 20
-156.37189571946539
 10
178.85256362961348
 20
-159.09975667359015
 10
175.961588158341
 20
-161.85148598496727
 10
173.0933405967712
 20
-164.6268975407798
 10
170.24801493841574
 20
-167.42580362646618
 10
167.42580362646618
 20
-170.24801493841568
 10
164.62689754077985
 20
-173.09334059677116
 10
161.8514859849672
 20
-175.96158815834104
 10
159.0997566735902
 20
-178.85256362961343
 10
156.37189571946527
 20
-181.76607147987784
 10
153.66808762107667
 20
-184.701914654449
 10
150.9885152500961
 20
-187.65989458799595
 10
148.33335983901594
 20
-190.63981121797093
 10
145.70280096889093
 20
-193.64146299814098
 10
143.09701655719255
 20
-196.6646469122187
 10
140.51618284577478
 20
-199.70915848759483
 10
137.960474388955
 20
-202.7747918091664
 10
135.43006404170757
 20
-205.8613395332639
 10
132.9251229479725
 20
-208.9685929016759
 10
130.44582052908095
 20
-212.096341755767
 10
127.99232447229559
 20
-215.24437455069312
 10
125.56480071947016
 20
-218.41247836970797
 10
123.16341345582458
 20
-221.60043893856528
 10
120.78832509884109
 20
-224.80804064001035
 10
118.4396962872799
 20
-228.03506652836245
 10
116.11768587031327
 20
-231.28129834418934
 10
113.82245089678185
 20
-234.54651652906887
 10
111.55414660457319
 20
-237.83050024043825
 10
109.31292641012266
 20
-241.13302736653054
 10
107.09894189803578
 20
-244.45387454139842
 10
104.91234281083683
 20
-247.79281716002043
 10
102.75327703884096
 20
-251.1496293934925
 10
100.62189061015158
 20
-254.52408420430095
 10
98.51832768078344
 20
-257.91595336167984
 10
96.44273052491326
 20
-261.3250074570459
 10
94.39523952525604
 20
-264.7510159195154
 10
92.3759931635716
 20
-268.19374703149816
 10
90.38512801129758
 20
-271.6529679443699
 10
88.42277872031218
 20
-275.1284446942217
 10
86.48907801382808
 20
-278.6199422176823
 10
84.58415667741463
 20
-282.12722436781866
 10
82.70814355015256
 20
-285.6500539301069
 10
80.86116551592022
 20
-289.18819263847513
 10
79.04334749481188
 20
-292.74140119142015
 10
77.25481243468784
 20
-296.3094392681925
 10
75.49568130285996
 20
-299.8920655450494
 10
73.76607307790994
 20
-303.4890377115769
 10
72.06610474164114
 20
-307.10011248707974
 10
70.39589127116807
 20
-310.7250456370342
 10
68.75554563113838
 20
-314.3635919896079
 10
67.1451787660942
 20
-318.0155054522405
 10
65.56489959296687
 20
-321.68053902829
 10
64.0148149937113
 20
-325.35844483373677
 10
62.49502980807648
 20
-329.0489741139505
 10
61.0056468265152
 20
-332.7518772605134
 10
59.54676678323142
 20
-336.46690382810306
 10
58.11848834936711
 20
-340.1938025514318
 10
56.720908126329164
 20
-343.93232136223935
 10
55.354120639254916
 20
-347.68220740634376
 10
54.018218330619845
 20
-351.44320706074063
 10
52.713291553984675
 20
-355.2150659507587
 10
51.43942856788436
 20
-358.99752896726443
 10
50.19671552985892
 20
-362.7903402839149
 10
48.98523649062611
 20
-366.59324337446157
 10
47.80507338839675
 20
-370.4059810301004
 10
46.65630604333285
 20
-374.22829537686744
 10
45.539012152148416
 20
-378.05992789308186
 10
44.45326728285528
 20
-381.9006194268288
 10
43.39914486965182
 20
-385.7501102134878
 10
42.376716207956065
 20
-389.60813989330273
 10
41.38605044958348
 20
-393.4744475289906
 10
40.42721459807041
 20
-397.34877162338967
 10
39.500273504141774
 20
-401.230850137147
 10
38.60528986132539
 20
-405.12042050643987
 10
37.74232420171131
 20
-409.0172196607352
 10
36.91143489185794
 20
-412.92098404058186
 10
36.11267812884421
 20
-416.8314496154378
 10
35.34610793646931
 20
-420.7483519015242
 10
34.6117761615979
 20
-424.671425979719
 10
33.909732470654035
 20
-428.60040651347043
 10
33.240024346261976
 20
-432.5350277667437
 10
32.60269708403439
 20
-436.475023621997
 10
31.99779378950916
 20
-440.4201275981759
 10
31.425355375233664
 20
-444.37007286874
 10
30.88542055799786
 20
-448.32459227970804
 10
30.3780258562154
 20
-452.2834183677289
 10
29.90320558745418
 20
-456.24628337816813
 10
29.460991866114796
 20
-460.21291928322034
 10
29.051414601258728
 20
-464.18305780003595
 10
28.674501494585456
 20
-468.15643040886664
 10
28.330278038558845
 20
-472.13276837122737
 10
28.01876751468285
 20
-476.11180274807117
 10
27.739990991926902
 20
-480.0932644179796
 10
27.493967325301185
 20
-484.0768840953645
 10
27.280713154581008
 20
-488.06239234868224
 10
27.100242903181595
 20
-492.04951961865345
 10
26.952568777182364
 20
-496.03799623649877
 10
26.837700764501733
 20
-500.0275524421756
 10
26.755646634221193
 20
-504.01791840262257
 10
26.70641193606008
 20
-508.00882423001127
 10
26.689999999999998
 20
-511.99999999999994
  0
LWPOLYLINE
  5
8B
330
17
100
AcDbEntity
  8
0
100
AcDbPolyline
 90
673
 70
1
 10
85.12
 20
-512.0
 10
85.13865923519609
 20
-508.0087394880892
 10
85.19463530956682
 20
-504.01782789797653
 10
85.28792332960239
 20
-500.027614120957
 10
85.41851513992839
 20
-496.0384469873223
 10
85.58639932401894
 20
-492.05067523586393
 10
85.79156120519451
 20
-488.06464748338743
 10
86.03398284790495
 20
-484.08071219423664
 10
86.31364305929782
 20
-480.0992176498273
 10
86.63051739107073
 20
-476.12051191820296
 10
86.98457814160878
 20
-472.1449428236044
 10
87.37579435840627
 20
-468.172857916064
 10
87.80413184077258
 20
-464.20460444102
 10
88.26955314282213
 20
-460.24052930896244
 10
88.77201757674777
 20
-456.2809790651045
 10
89.31148121637807
 20
-452.32629985908613
 10
89.88789690101714
 20
-448.37683741471443
 10
90.50121423956745
 20
-444.43293699974083
 10
91.15137961493542
 20
-440.49494339567434
 10
91.83833618871847
 20
-436.5632008676424
 10
92.56202390617398
 20
-432.638053134295
 10
93.32237950146896
 20
-428.7198433377553
 10
94.1193365032118
 20
-424.80891401362123
 10
94.95282524026243
 20
-420.9056070610221
 10
95.82277284782316
 20
-417.01026371272854
 10
96.72910327380907
 20
-413.1232245053204
 10
97.67173728549642
 20
-409.2448292494177
 10
98.65059247644905
 20
-405.37541699997416
 10
99.66558327372246
 20
-401.5153260266361
 10
100.71662094534543
 20
-397.6648937841693
 10
101.80361360807592
 20
-393.82445688296013
 10
102.9264662354347
 20
-389.99435105958804
 10
104.08508066601229
 20
-386.17491114747315
 10
105.27935561204998
 20
-382.3664710476078
 10
106.50918666829557
 20
-378.5693636993633
 10
107.77446632112924
 20
-374.7839210513866
 10
109.07508395796407
 20
-371.0104740325784
 10
110.41092587691446
 20
-367.24935252316516
 10
111.78187529673755
 20
-363.50088532585835
 10
113.18781236704126
 20
-359.7654001371118
 10
114.628614178762
 20
-356.0432235184735
 10
116.10415477491057
 20
-352.33468086803566
 10
117.61430516158185
 20
-348.6400963919907
 10
119.15893331923314
 20
-344.9597930762857
 10
120.73790421422461
 20
-341.2940926583889
 10
122.35107981062413
 20
-337.6433155991621
 10
123.99831908227543
 20
-334.00778105484426
 10
125.67947802512577
 20
-330.38780684915264
 10
127.39440966981533
 20
-326.7837094454968
 10
129.14296409452606
 20
-323.19580391931265
 10
130.92498843808704
 20
-319.6244039305195
 10
132.74032691333883
 20
-316.06982169609785
 10
134.58882082075212
 20
-312.53236796279543
 10
136.47030856230106
 20
-309.0123519799625
 10
138.38462565559126
 20
-305.51008147251514
 10
140.3316047482383
 20
-302.0258626140346
 10
142.31107563249884
 20
-298.55999999999995
 10
144.32286526014917
 20
-295.1127966211616
 10
146.36679775761456
 20
-291.6845538370519
 10
148.44269444134414
 20
-288.2755713496398
 10
150.55037383343
 20
-284.8861471771332
 10
152.68965167747535
 20
-281.5165776279214
 10
154.8603409546995
 20
-278.1671572746752
 10
157.06225190028948
 20
-274.8381789285922
 10
159.295192019988
 20
-271.5299336138012
 10
161.55896610692287
 20
-268.2427105419181
 10
163.85337625867106
 20
-264.97679708676446
 10
166.17822189456035
 20
-261.7324787592444
 10
168.53329977320465
 20
-258.5100391823836
 10
170.91840401027065
 20
-255.3097600665365
 10
173.33332609647755
 20
-252.13192118475735
 10
175.77785491582443
 20
-248.97680034834264
 10
178.2517767640474
 20
-245.84467338254387
 10
180.75487536730049
 20
-242.7358141024556
 10
183.28693190106338
 20
-239.65049428907741
 10
185.84772500927227
 20
-236.5889836655536
 10
188.43703082366915
 20
-233.5515498735955
 10
191.0546229833741
 20
-230.5384584500826
 10
193.7002726546741
 20
-227.5499728038488
 10
196.3737485510277
 20
-224.58635419265482
 10
199.0748169532838
 20
-221.6478617003499
 10
201.80324173011445
 20
-218.73475221422132
 10
204.55878435865833
 20
-215.84728040253617
 10
207.34120394537132
 20
-212.98569869227964
 10
210.15025724708653
 20
-210.15025724708664
 10
212.98569869227958
 20
-207.34120394537143
 10
215.84728040253611
 20
-204.5587843586584
 10
218.7347522142212
 20
-201.8032417301145
 10
221.64786170034978
 20
-199.07481695328386
 10
224.5863541926547
 20
-196.37374855102775
 10
227.54997280384868
 20
-193.70027265467417
 10
230.53845845008254
 20
-191.0546229833742
 10
233.55154987359566
 20
-188.43703082366903
 10
236.58898366555366
 20
-185.8477250092722
 10
239.65049428907724
 20
-183.2869319010635
 10
242.73581410245566
 20
-180.75487536730043
 10
245.84467338254376
 20
-178.25177676404746
 10
248.9768003483424
 20
-175.77785491582466
 10
252.13192118475723
 20
-173.3333260964776
 10
255.3097600665364
 20
-170.91840401027076
 10
258.5100391823835
 20
-168.53329977320476
 10
261.73247875924415
 20
-166.17822189456052
 10
264.97679708676463
 20
-163.85337625867095
 10
268.2427105419181
 20
-161.5589661069228
 10
271.52993361380106
 20
-159.29519201998812
 10
274.8381789285919
 20
-157.0622519002897
 10
278.16715727467505
 20
-154.86034095469955
 10
281.5165776279214
 20
-152.6896516774753
 10
284.88614717713307
 20
-150.55037383343006
 10
288.2755713496398
 20
-148.4426944413441
 10
291.6845538370518
 20
-146.36679775761462
 10
295.11279662116135
 20
-144.32286526014934
 10
298.55999999999983
 20
-142.31107563249896
 10
302.0258626140344
 20
-140.33160474823848
 10
305.51008147251537
 20
-138.3846256555912
 10
309.0123519799622
 20
-136.47030856230123
 10
312.5323679627953
 20
-134.58882082075212
 10
316.06982169609716
 20
-132.74032691333917
 10
319.6244039305194
 20
-130.9249884380871
 10
323.1958039193127
 20
-129.14296409452606
 10
326.7837094454967
 20
-127.39440966981539
 10
330.38780684915264
 20
-125.67947802512577
 10
334.00778105484414
 20
-123.99831908227549
 10
337.64331559916184
 20
-122.35107981062424
 10
341.2940926583891
 20
-120.7379042142245
 10
344.9597930762854
 20
-119.15893331923326
 10
348.6400963919906
 20
-117.61430516158185
 10
352.3346808680353
 20
-116.10415477491068
 10
356.04322351847304
 20
-114.62861417876218
 10
359.76540013711184
 20
-113.1878123670412
 10
363.5008853258582
 20
-111.78187529673761
 10
367.2493525231648
 20
-110.41092587691458
 10
371.0104740325782
 20
-109.07508395796413
 10
374.7839210513863
 20
-107.77446632112935
 10
378.5693636993632
 20
-106.50918666829557
 10
382.3664710476075
 20
-105.27935561205004
 10
386.1749111474734
 20
-104.08508066601217
 10
389.99435105958776
 20
-102.92646623543482
 10
393.8244568829604
 20
-101.80361360807586
 10
397.66489378416935
 20
-100.71662094534543
 10
401.515326026636
 20
-99.66558327372252
 10
405.3754169999738
 20
-98.6505924764491
 10
409.2448292494176
 20
-97.67173728549648
 10
413.12322450532054
 20
-96.72910327380902
 10
417.01026371272803
 20
-95.82277284782322
 10
420.9056070610222
 20
-94.95282524026243
 10
424.80891401362146
 20
-94.1193365032118
 10
428.719843337755
 20
-93.32237950146907
 10
432.6380531342948
 20
-92.56202390617398
 10
436.5632008676421
 20
-91.83833618871853
 10
440.4949433956742
 20
-91.15137961493548
 10
444.4329369997405
 20
-90.5012142395675
 10
448.3768374147147
 20
-89.88789690101714
 10
452.326299859086
 20
-89.31148121637807
 10
456.28097906510436
 20
-88.77201757674783
 10
460.2405293089621
 20
-88.26955314282219
 10
464.20460444101985
 20
-87.80413184077258
 10
468.17285791606406
 20
-87.37579435840627
 10
472.1449428236043
 20
-86.98457814160878
 10
476.1205119182026
 20
-86.63051739107078
 10
480.0992176498274
 20
-86.31364305929782
 10
484.0807121942363
 20
-86.03398284790495
 10
488.06464748338766
 20
-85.79156120519445
 10
492.0506752358634
 20
-85.58639932401894
 10
496.0384469873222
 20
-85.41851513992839
 10
500.0276141209567
 20
-85.28792332960239
 10
504.0178278979764
 20
-85.19463530956682
 10
508.008739488089
 20
-85.13865923519609
 10
511.99999999999994
 20
-85.12
 10
515.9912605119108
 20
-85.13865923519609
 10
519.9821721020235
 20
-85.19463530956682
 10
523.9723858790423
 20
-85.28792332960234
 10
527.9615530126777
 20
-85.41851513992839
 10
531.9493247641365
 20
-85.58639932401894
 10
535.9353525166125
 20
-85.79156120519451
 10
539.9192878057631
 20
-86.0339828479049
 10
543.9007823501728
 20
-86.31364305929782
 10
547.8794880817968
 20
-86.63051739107073
 10
551.8550571763956
 20
-86.98457814160878
 10
555.8271420839358
 20
-87.37579435840627
 10
559.79539555898
 20
-87.80413184077258
 10
563.7594706910373
 20
-88.26955314282213
 10
567.7190209348959
 20
-88.77201757674783
 10
571.6737001409139
 20
-89.31148121637807
 10
575.6231625852852
 20
-89.88789690101709
 10
579.5670630002594
 20
-90.50121423956745
 10
583.505056604326
 20
-91.15137961493548
 10
587.4367991323577
 20
-91.83833618871853
 10
591.361946865705
 20
-92.56202390617398
 10
595.2801566622448
 20
-93.32237950146902
 10
599.1910859863788
 20
-94.1193365032118
 10
603.0943929389773
 20
-94.95282524026231
 10
606.9897362872714
 20
-95.82277284782316
 10
610.8767754946794
 20
-96.72910327380902
 10
614.7551707505822
 20
-97.67173728549642
 10
618.6245830000256
 20
-98.65059247644899
 10
622.4846739733642
 20
-99.66558327372258
 10
626.3351062158305
 20
-100.71662094534537
 10
630.1755431170394
 20
-101.80361360807586
 10
634.0056489404121
 20
-102.92646623543476
 10
637.8250888525265
 20
-104.08508066601212
 10
641.6335289523923
 20
-105.27935561205004
 10
645.4306363006367
 20
-106.50918666829551
 10
649.2160789486136
 20
-107.7744663211293
 10
652.9895259674216
 20
-109.07508395796407
 10
656.750647476835
 20
-110.41092587691452
 10
660.4991146741417
 20
-111.78187529673755
 10
664.2345998628883
 20
-113.18781236704126
 10
667.9567764815268
 20
-114.62861417876212
 10
671.6653191319645
 20
-116.10415477491057
 10
675.3599036080096
 20
-117.61430516158197
 10
679.0402069237141
 20
-119.15893331923309
 10
682.705907341611
 20
-120.73790421422456
 10
686.3566844008377
 20
-122.35107981062407
 10
689.9922189451554
 20
-123.99831908227526
 10
693.6121931508472
 20
-125.67947802512566
 10
697.2162905545031
 20
-127.39440966981527
 10
700.8041960806871
 20
-129.14296409452595
 10
704.3755960694805
 20
-130.92498843808704
 10
707.9301783039023
 20
-132.7403269133389
 10
711.4676320372048
 20
-134.58882082075223
 10
714.987648020037
 20
-136.47030856230077
 10
718.4899185274849
 20
-138.38462565559126
 10
721.9741373859655
 20
-140.33160474823842
 10
725.44
 20
-142.31107563249884
 10
728.8872033788382
 20
-144.32286526014906
 10
732.3154461629484
 20
-146.3667977576148
 10
735.7244286503603
 20
-148.4426944413442
 10
739.1138528228668
 20
-150.55037383343
 10
742.4834223720787
 20
-152.68965167747547
 10
745.8328427253248
 20
-154.86034095469944
 10
749.1618210714076
 20
-157.06225190028943
 10
752.4700663861988
 20
-159.295192019988
 10
755.7572894580818
 20
-161.5589661069227
 10
759.0232029132352
 20
-163.8533762586709
 10
762.2675212407554
 20
-166.17822189456018
 10
765.4899608176164
 20
-168.53329977320465
 10
768.6902399334635
 20
-170.91840401027065
 10
771.8680788152426
 20
-173.33332609647755
 10
775.0231996516575
 20
-175.77785491582455
 10
778.1553266174561
 20
-178.2517767640474
 10
781.2641858975446
 20
-180.7548753673006
 10
784.3495057109226
 20
-183.28693190106338
 10
787.4110163344465
 20
-185.84772500927232
 10
790.4484501264042
 20
-188.43703082366886
 10
793.4615415499172
 20
-191.05462298337397
 10
796.4500271961513
 20
-193.7002726546741
 10
799.4136458073451
 20
-196.37374855102752
 10
802.35213829965
 20
-199.0748169532838
 10
805.2652477857786
 20
-201.80324173011428
 10
808.1527195974638
 20
-204.55878435865827
 10
811.0143013077202
 20
-207.34120394537115
 10
813.8497427529134
 20
-210.15025724708653
 10
816.6587960546287
 20
-212.9856986922797
 10
819.4412156413416
 20
-215.84728040253606
 10
822.1967582698855
 20
-218.73475221422137
 10
824.9251830467161
 20
-221.64786170034978
 10
827.6262514489724
 20
-224.58635419265482
 10
830.2997273453256
 20
-227.54997280384833
 10
832.9453770166259
 20
-230.53845845008266
 10
835.562969176331
 20
-233.55154987359566
 10
838.1522749907276
 20
-236.58898366555337
 10
840.7130680989364
 20
-239.65049428907724
 10
843.2451246326993
 20
-242.73581410245532
 10
845.7482232359525
 20
-245.84467338254376
 10
848.2221450841753
 20
-248.9768003483424
 10
850.6666739035225
 20
-252.13192118475723
 10
853.0815959897293
 20
-255.3097600665364
 10
855.4667002267952
 20
-258.5100391823835
 10
857.8217781054396
 20
-261.73247875924443
 10
860.1466237413288
 20
-264.9767970867643
 10
862.4410338930771
 20
-268.2427105419181
 10
864.7048079800118
 20
-271.5299336138007
 10
866.9377480997105
 20
-274.83817892859224
 10
869.1396590453004
 20
-278.16715727467505
 10
871.3103483225245
 20
-281.5165776279211
 10
873.4496261665702
 20
-284.88614717713335
 10
875.5573055586559
 20
-288.2755713496398
 10
877.6332022423851
 20
-291.68455383705145
 10
879.6771347398508
 20
-295.1127966211617
 10
881.688924367501
 20
-298.55999999999983
 10
883.6683952517615
 20
-302.02586261403434
 10
885.6153743444086
 20
-305.510081472515
 10
887.529691437699
 20
-309.01235197996255
 10
889.4111791792477
 20
-312.532367962795
 10
891.2596730866612
 20
-316.06982169609785
 10
893.0750115619128
 20
-319.62440393051935
 10
894.8570359054739
 20
-323.19580391931265
 10
896.6055903301847
 20
-326.7837094454967
 10
898.320521974874
 20
-330.3878068491523
 10
900.0016809177246
 20
-334.0077810548445
 10
901.6489201893758
 20
-337.6433155991618
 10
903.2620957857753
 20
-341.29409265838876
 10
904.8410666807669
 20
-344.9597930762857
 10
906.3856948384182
 20
-348.6400963919906
 10
907.8958452250893
 20
-352.3346808680353
 10
909.3713858212377
 20
-356.043223518473
 10
910.8121876329587
 20
-359.7654001371118
 10
912.2181247032622
 20
-363.5008853258578
 10
913.5890741230855
 20
-367.24935252316516
 10
914.9249160420359
 20
-371.01047403257814
 10
916.2255336788706
 20
-374.7839210513863
 10
917.4908133317044
 20
-378.5693636993631
 10
918.7206443879497
 20
-382.3664710476071
 10
919.9149193339878
 20
-386.1749111474734
 10
921.0735337645651
 20
-389.9943510595877
 10
922.1963863919241
 20
-393.82445688296
 10
923.2833790546546
 20
-397.6648937841693
 10
924.3344167262775
 20
-401.515326026636
 10
925.3494075235509
 20
-405.3754169999738
 10
926.3282627145034
 20
-409.2448292494172
 10
927.2708967261908
 20
-413.12322450532014
 10
928.1772271521768
 20
-417.01026371272803
 10
929.0471747597377
 20
-420.9056070610226
 10
929.8806634967882
 20
-424.80891401362146
 10
930.6776204985309
 20
-428.719843337755
 10
931.437976093826
 20
-432.6380531342948
 10
932.1616638112815
 20
-436.5632008676425
 10
932.8486203850646
 20
-440.4949433956742
 10
933.4987857604325
 20
-444.4329369997405
 10
934.1121030989827
 20
-448.3768374147143
 10
934.6885187836219
 20
-452.32629985908596
 10
935.2279824232521
 20
-456.28097906510436
 10
935.7304468571779
 20
-460.2405293089621
 10
936.1958681592273
 20
-464.20460444101946
 10
936.6242056415938
 20
-468.172857916064
 10
937.0154218583912
 20
-472.14494282360386
 10
937.3694826089293
 20
-476.12051191820296
 10
937.6863569407021
 20
-480.0992176498274
 10
937.966017152095
 20
-484.0807121942363
 10
938.2084387948055
 20
-488.06464748338726
 10
938.4136006759811
 20
-492.05067523586376
 10
938.5814848600717
 20
-496.0384469873221
 10
938.7120766703977
 20
-500.0276141209567
 10
938.8053646904332
 20
-504.01782789797676
 10
938.8613407648039
 20
-508.008739488089
 10
938.88
 20
-511.9999999999999
 10
938.8613407648039
 20
-515.9912605119109
 10
938.8053646904332
 20
-519.9821721020236
 10
938.7120766703977
 20
-523.9723858790429
 10
938.5814848600716
 20
-527.9615530126779
 10
938.4136006759811
 20
-531.9493247641362
 10
938.2084387948055
 20
-535.9353525166124
 10
937.966017152095
 20
-539.9192878057635
 10
937.6863569407021
 20
-543.9007823501728
 10
937.3694826089293
 20
-547.8794880817971
 10
937.0154218583912
 20
-551.8550571763956
 10
936.6242056415937
 20
-555.8271420839362
 10
936.1958681592274
 20
-559.7953955589801
 10
935.7304468571779
 20
-563.7594706910374
 10
935.2279824232521
 20
-567.7190209348956
 10
934.6885187836219
 20
-571.673700140914
 10
934.1121030989829
 20
-575.6231625852854
 10
933.4987857604326
 20
-579.5670630002592
 10
932.8486203850646
 20
-583.5050566043259
 10
932.1616638112815
 20
-587.4367991323577
 10
931.4379760938261
 20
-591.361946865705
 10
930.677620498531
 20
-595.2801566622448
 10
929.8806634967882
 20
-599.1910859863788
 10
929.0471747597376
 20
-603.0943929389776
 10
928.1772271521768
 20
-606.9897362872715
 10
927.2708967261908
 20
-610.8767754946798
 10
926.3282627145036
 20
-614.7551707505825
 10
925.349407523551
 20
-618.6245830000258
 10
924.3344167262775
 20
-622.484673973364
 10
923.2833790546546
 20
-626.3351062158307
 10
922.1963863919241
 20
-630.1755431170398
 10
921.0735337645654
 20
-634.0056489404121
 10
919.9149193339877
 20
-637.8250888525267
 10
918.72064438795
 20
-641.6335289523923
 10
917.4908133317044
 20
-645.4306363006367
 10
916.2255336788708
 20
-649.2160789486136
 10
914.9249160420359
 20
-652.9895259674217
 10
913.5890741230854
 20
-656.7506474768351
 10
912.2181247032624
 20
-660.4991146741418
 10
910.8121876329587
 20
-664.2345998628882
 10
909.3713858212379
 20
-667.9567764815267
 10
907.8958452250895
 20
-671.6653191319643
 10
906.3856948384181
 20
-675.3599036080095
 10
904.8410666807667
 20
-679.0402069237143
 10
903.2620957857755
 20
-682.705907341611
 10
901.6489201893758
 20
-686.356684400838
 10
900.0016809177246
 20
-689.9922189451557
 10
898.3205219748743
 20
-693.6121931508472
 10
896.6055903301847
 20
-697.2162905545032
 10
894.8570359054739
 20
-700.8041960806872
 10
893.0750115619129
 20
-704.3755960694806
 10
891.259673086661
 20
-707.9301783039025
 10
889.4111791792478
 20
-711.4676320372047
 10
887.529691437699
 20
-714.9876480200376
 10
885.6153743444088
 20
-718.4899185274847
 10
883.6683952517617
 20
-721.9741373859654
 10
881.6889243675012
 20
-725.4399999999999
 10
879.6771347398508
 20
-728.8872033788385
 10
877.6332022423852
 20
-732.3154461629483
 10
875.557305558656
 20
-735.7244286503601
 10
873.4496261665699
 20
-739.1138528228669
 10
871.3103483225248
 20
-742.4834223720786
 10
869.1396590453005
 20
-745.832842725325
 10
866.9377480997105
 20
-749.1618210714078
 10
864.7048079800119
 20
-752.470066386199
 10
862.4410338930771
 20
-755.757289458082
 10
860.146623741329
 20
-759.0232029132355
 10
857.8217781054395
 20
-762.2675212407557
 10
855.4667002267954
 20
-765.4899608176164
 10
853.0815959897293
 20
-768.6902399334635
 10
850.6666739035225
 20
-771.8680788152426
 10
848.2221450841755
 20
-775.0231996516575
 10
845.7482232359525
 20
-778.1553266174561
 10
843.2451246326996
 20
-781.2641858975444
 10
840.7130680989366
 20
-784.3495057109227
 10
838.1522749907278
 20
-787.4110163344463
 10
835.562969176331
 20
-790.4484501264044
 10
832.9453770166258
 20
-793.4615415499175
 10
830.2997273453257
 20
-796.4500271961515
 10
827.6262514489723
 20
-799.4136458073452
 10
824.9251830467163
 20
-802.35213829965
 10
822.1967582698855
 20
-805.2652477857788
 10
819.4412156413417
 20
-808.1527195974638
 10
816.6587960546287
 20
-811.0143013077202
 10
813.8497427529135
 20
-813.8497427529134
 10
811.0143013077202
 20
-816.6587960546287
 10
808.1527195974638
 20
-819.4412156413416
 10
805.2652477857789
 20
-822.1967582698854
 10
802.35213829965
 20
-824.9251830467163
 10
799.4136458073453
 20
-827.6262514489722
 10
796.4500271961515
 20
-830.2997273453257
 10
793.4615415499175
 20
-832.9453770166258
 10
790.4484501264044
 20
-835.562969176331
 10
787.4110163344463
 20
-838.1522749907278
 10
784.3495057109227
 20
-840.7130680989366
 10
781.2641858975444
 20
-843.2451246326996
 10
778.1553266174562
 20
-845.7482232359525
 10
775.0231996516575
 20
-848.2221450841754
 10
771.8680788152426
 20
-850.6666739035225
 10
768.6902399334635
 20
-853.0815959897293
 10
765.4899608176164
 20
-855.4667002267954
 10
762.2675212407557
 20
-857.8217781054395
 10
759.0232029132355
 20
-860.146623741329
 10
755.7572894580819
 20
-862.4410338930771
 10
752.4700663861989
 20
-864.7048079800119
 10
749.1618210714078
 20
-866.9377480997105
 10
745.832842725325
 20
-869.1396590453004
 10
742.4834223720785
 20
-871.3103483225248
 10
739.1138528228669
 20
-873.4496261665699
 10
735.7244286503601
 20
-875.557305558656
 10
732.3154461629484
 20
-877.6332022423852
 10
728.8872033788385
 20
-879.6771347398508
 10
725.44
 20
-881.6889243675012
 10
721.9741373859654
 20
-883.6683952517617
 10
718.4899185274846
 20
-885.6153743444088
 10
714.9876480200375
 20
-887.529691437699
 10
711.4676320372048
 20
-889.4111791792477
 10
707.9301783039025
 20
-891.259673086661
 10
704.3755960694807
 20
-893.0750115619128
 10
700.8041960806872
 20
-894.857035905474
 10
697.2162905545031
 20
-896.6055903301847
 10
693.6121931508474
 20
-898.3205219748743
 10
689.9922189451557
 20
-900.0016809177246
 10
686.356684400838
 20
-901.6489201893758
 10
682.705907341611
 20
-903.2620957857755
 10
679.0402069237143
 20
-904.8410666807667
 10
675.3599036080095
 20
-906.3856948384181
 10
671.6653191319645
 20
-907.8958452250895
 10
667.9567764815267
 20
-909.3713858212379
 10
664.2345998628882
 20
-910.8121876329587
 10
660.4991146741419
 20
-912.2181247032624
 10
656.7506474768351
 20
-913.5890741230854
 10
652.9895259674217
 20
-914.9249160420359
 10
649.2160789486136
 20
-916.2255336788708
 10
645.4306363006367
 20
-917.4908133317044
 10
641.6335289523923
 20
-918.72064438795
 10
637.8250888525267
 20
-919.9149193339878
 10
634.005648940412
 20
-921.0735337645654
 10
630.1755431170398
 20
-922.1963863919241
 10
626.3351062158308
 20
-923.2833790546546
 10
622.484673973364
 20
-924.3344167262775
 10
618.6245830000258
 20
-925.349407523551
 10
614.7551707505825
 20
-926.3282627145036
 10
610.8767754946798
 20
-927.2708967261908
 10
606.9897362872715
 20
-928.1772271521768
 10
603.0943929389778
 20
-929.0471747597376
 10
599.1910859863788
 20
-929.8806634967882
 10
595.2801566622448
 20
-930.677620498531
 10
591.361946865705
 20
-931.437976093826
 10
587.4367991323577
 20
-932.1616638112815
 10
583.5050566043259
 20
-932.8486203850646
 10
579.5670630002593
 20
-933.4987857604326
 10
575.6231625852854
 20
-934.1121030989829
 10
571.673700140914
 20
-934.6885187836219
 10
567.7190209348956
 20
-935.2279824232521
 10
563.7594706910374
 20
-935.7304468571779
 10
559.7953955589801
 20
-936.1958681592274
 10
555.8271420839362
 20
-936.6242056415937
 10
551.8550571763957
 20
-937.0154218583912
 10
547.8794880817973
 20
-937.3694826089293
 10
543.9007823501728
 20
-937.6863569407021
 10
539.9192878057635
 20
-937.966017152095
 10
535.9353525166125
 20
-938.2084387948055
 10
531.9493247641363
 20
-938.4136006759811
 10
527.961553012678
 20
-938.5814848600716
 10
523.972385879043
 20
-938.7120766703977
 10
519.9821721020235
 20
-938.8053646904332
 10
515.9912605119109
 20
-938.8613407648039
 10
512.0
 20
-938.88
 10
508.00873948808913
 20
-938.8613407648039
 10
504.01782789797653
 20
-938.8053646904332
 10
500.0276141209572
 20
-938.7120766703977
 10
496.0384469873222
 20
-938.5814848600717
 10
492.0506752358638
 20
-938.4136006759811
 10
488.0646474833876
 20
-938.2084387948055
 10
484.0807121942366
 20
-937.966017152095
 10
480.0992176498271
 20
-937.6863569407021
 10
476.1205119182029
 20
-937.3694826089293
 10
472.14494282360437
 20
-937.0154218583912
 10
468.1728579160638
 20
-936.6242056415937
 10
464.20460444101997
 20
-936.1958681592274
 10
460.2405293089626
 20
-935.7304468571779
 10
456.2809790651045
 20
-935.2279824232522
 10
452.32629985908613
 20
-934.6885187836219
 10
448.3768374147146
 20
-934.1121030989829
 10
444.4329369997408
 20
-933.4987857604326
 10
440.49494339567406
 20
-932.8486203850646
 10
436.5632008676424
 20
-932.1616638112815
 10
432.6380531342949
 20
-931.437976093826
 10
428.71984333775526
 20
-930.677620498531
 10
424.8089140136214
 20
-929.8806634967882
 10
420.9056070610223
 20
-929.0471747597376
 10
417.0102637127286
 20
-928.1772271521768
 10
413.12322450532025
 20
-927.2708967261908
 10
409.2448292494177
 20
-926.3282627145036
 10
405.37541699997416
 20
-925.349407523551
 10
401.5153260266359
 20
-924.3344167262775
 10
397.66489378416924
 20
-923.2833790546546
 10
393.82445688296036
 20
-922.1963863919241
 10
389.994351059588
 20
-921.0735337645654
 10
386.1749111474733
 20
-919.9149193339878
 10
382.3664710476076
 20
-918.72064438795
 10
378.5693636993634
 20
-917.4908133317045
 10
374.7839210513864
 20
-916.2255336788708
 10
371.0104740325783
 20
-914.9249160420359
 10
367.2493525231648
 20
-913.5890741230854
 10
363.5008853258581
 20
-912.2181247032623
 10
359.7654001371118
 20
-910.8121876329587
 10
356.04322351847327
 20
-909.3713858212379
 10
352.33468086803566
 20
-907.8958452250895
 10
348.6400963919905
 20
-906.3856948384181
 10
344.9597930762857
 20
-904.8410666807667
 10
341.2940926583891
 20
-903.2620957857755
 10
337.64331559916207
 20
-901.6489201893759
 10
334.00778105484426
 20
-900.0016809177246
 10
330.3878068491529
 20
-898.3205219748744
 10
326.78370944549664
 20
-896.6055903301847
 10
323.19580391931277
 20
-894.857035905474
 10
319.6244039305193
 20
-893.0750115619128
 10
316.0698216960975
 20
-891.259673086661
 10
312.5323679627953
 20
-889.4111791792478
 10
309.01235197996243
 20
-887.529691437699
 10
305.51008147251525
 20
-885.6153743444088
 10
302.0258626140346
 20
-883.6683952517617
 10
298.56000000000006
 20
-881.6889243675012
 10
295.1127966211616
 20
-879.6771347398508
 10
291.68455383705157
 20
-877.6332022423852
 10
288.2755713496399
 20
-875.557305558656
 10
284.886147177133
 20
-873.4496261665699
 10
281.5165776279215
 20
-871.3103483225248
 10
278.167157274675
 20
-869.1396590453004
 10
274.8381789285922
 20
-866.9377480997105
 10
271.5299336138012
 20
-864.704807980012
 10
268.242710541918
 20
-862.4410338930771
 10
264.9767970867645
 20
-860.146623741329
 10
261.7324787592444
 20
-857.8217781054396
 10
258.5100391823837
 20
-855.4667002267954
 10
255.30976006653646
 20
-853.0815959897293
 10
252.13192118475735
 20
-850.6666739035225
 10
248.97680034834246
 20
-848.2221450841755
 10
245.8446733825437
 20
-845.7482232359525
 10
242.73581410245555
 20
-843.2451246326996
 10
239.65049428907736
 20
-840.7130680989367
 10
236.58898366555377
 20
-838.1522749907278
 10
233.55154987359566
 20
-835.5629691763309
 10
230.5384584500826
 20
-832.9453770166258
 10
227.54997280384856
 20
-830.2997273453258
 10
224.5863541926546
 20
-827.6262514489722
 10
221.64786170034984
 20
-824.9251830467163
 10
218.73475221422115
 20
-822.1967582698854
 10
215.84728040253611
 20
-819.4412156413416
 10
212.9856986922798
 20
-816.6587960546287
 10
210.15025724708664
 20
-813.8497427529135
 10
207.3412039453712
 20
-811.0143013077203
 10
204.5587843586584
 20
-808.1527195974638
 10
201.8032417301145
 20
-805.2652477857788
 10
199.07481695328374
 20
-802.35213829965
 10
196.37374855102786
 20
-799.4136458073453
 10
193.70027265467428
 20
-796.4500271961515
 10
191.05462298337403
 20
-793.4615415499172
 10
188.4370308236691
 20
-790.4484501264044
 10
185.8477250092722
 20
-787.4110163344462
 10
183.2869319010635
 20
-784.3495057109227
 10
180.75487536730043
 20
-781.2641858975444
 10
178.25177676404746
 20
-778.1553266174562
 10
175.7778549158246
 20
-775.0231996516575
 10
173.3333260964775
 20
-771.8680788152426
 10
170.91840401027076
 20
-768.6902399334635
 10
168.5332997732046
 20
-765.4899608176163
 10
166.1782218945604
 20
-762.2675212407557
 10
163.853376258671
 20
-759.0232029132355
 10
161.55896610692292
 20
-755.757289458082
 10
159.29519201998806
 20
-752.4700663861988
 10
157.06225190028943
 20
-749.1618210714078
 10
154.86034095469955
 20
-745.8328427253249
 10
152.6896516774754
 20
-742.4834223720787
 10
150.55037383343006
 20
-739.1138528228669
 10
148.4426944413441
 20
-735.7244286503601
 10
146.36679775761485
 20
-732.3154461629485
 10
144.32286526014929
 20
-728.8872033788384
 10
142.31107563249878
 20
-725.4399999999999
 10
140.33160474823836
 20
-721.9741373859655
 10
138.3846256555912
 20
-718.4899185274847
 10
136.4703085623011
 20
-714.9876480200376
 10
134.58882082075223
 20
-711.4676320372048
 10
132.74032691333906
 20
-707.9301783039026
 10
130.9249884380871
 20
-704.3755960694806
 10
129.14296409452606
 20
-700.8041960806872
 10
127.39440966981539
 20
-697.2162905545033
 10
125.67947802512572
 20
-693.6121931508474
 10
123.99831908227549
 20
-689.9922189451559
 10
122.35107981062424
 20
-686.3566844008382
 10
120.73790421422456
 20
-682.705907341611
 10
119.1589333192332
 20
-679.0402069237144
 10
117.61430516158191
 20
-675.3599036080095
 10
116.10415477491057
 20
-671.6653191319645
 10
114.62861417876212
 20
-667.9567764815268
 10
113.18781236704126
 20
-664.2345998628883
 10
111.78187529673761
 20
-660.4991146741418
 10
110.41092587691458
 20
-656.7506474768352
 10
109.07508395796407
 20
-652.9895259674217
 10
107.77446632112935
 20
-649.2160789486137
 10
106.50918666829557
 20
-645.4306363006368
 10
105.27935561205004
 20
-641.6335289523922
 10
104.08508066601235
 20
-637.825088852527
 10
102.9264662354347
 20
-634.0056489404121
 10
101.80361360807592
 20
-630.1755431170398
 10
100.71662094534543
 20
-626.3351062158308
 10
99.66558327372258
 20
-622.4846739733641
 10
98.6505924764491
 20
-618.624583000026
 10
97.67173728549648
 20
-614.7551707505824
 10
96.72910327380913
 20
-610.8767754946798
 10
95.82277284782316
 20
-606.9897362872715
 10
94.95282524026237
 20
-603.0943929389775
 10
94.11933650321185
 20
-599.1910859863789
 10
93.32237950146902
 20
-595.2801566622447
 10
92.56202390617398
 20
-591.3619468657051
 10
91.83833618871853
 20
-587.4367991323579
 10
91.15137961493548
 20
-583.5050566043259
 10
90.50121423956745
 20
-579.5670630002593
 10
89.88789690101714
 20
-575.6231625852855
 10
89.31148121637813
 20
-571.6737001409142
 10
88.77201757674783
 20
-567.7190209348956
 10
88.26955314282213
 20
-563.7594706910377
 10
87.80413184077258
 20
-559.7953955589801
 10
87.37579435840632
 20
-555.8271420839361
 10
86.98457814160878
 20
-551.8550571763957
 10
86.63051739107078
 20
-547.8794880817974
 10
86.31364305929782
 20
-543.900782350173
 10
86.03398284790495
 20
-539.9192878057635
 10
85.79156120519451
 20
-535.9353525166126
 10
85.58639932401894
 20
-531.9493247641363
 10
85.41851513992839
 20
-527.9615530126778
 10
85.28792332960239
 20
-523.972385879043
 10
85.19463530956682
 20
-519.9821721020236
 10
85.13865923519609
 20
-515.9912605119107
 10
85.12
 20
-512.0
  0
LWPOLYLINE
  5
8C
330
17
100
AcDbEntity
  8
0
100
AcDbPolyline
 90
385
 70
1
 10
362.92
 20
-854.27
 10
364.66
 20
-854.27
 10
366.8866666666667
 20
-851.4633333333334
 10
369.11333333333334
 20
-848.6566666666666
 10
371.34000000000003
 20
-845.85
 10
373.56666666666666
 20
-843.0433333333333
 10
375.79333333333335
 20
-840.2366666666667
 10
378.02
 20
-837.43
 10
380.24666666666667
 20
-834.6233333333333
 10
382.4733333333333
 20
-831.8166666666666
 10
384.7
 20
-829.01
 10
387.31333333333333
 20
-826.6866666666667
 10
389.9266666666667
 20
-824.3633333333333
 10
392.53999999999996
 20
-822.04
 10
395.1533333333333
 20
-819.7166666666667
 10
397.76666666666665
 20
-817.3933333333334
 10
400.38
 20
-815.07
 10
403.61571428571426
 20
-813.2028571428572
 10
406.8514285714286
 20
-811.3357142857143
 10
410.08714285714285
 20
-809.4685714285714
 10
413.3228571428571
 20
-807.6014285714286
 10
416.5585714285714
 20
-805.7342857142858
 10
419.7942857142857
 20
-803.8671428571429
 10
423.03
 20
-802.0
 10
426.62375
 20
-800.69375
 10
430.2175
 20
-799.3875
 10
433.81125
 20
-798.08125
 10
437.405
 20
-796.775
 10
440.99875
 20
-795.46875
 10
444.5925
 20
-794.1624999999999
 10
448.18625
 20
-792.8562499999999
 10
451.78
 20
-791.55
 10
454.9733333333333
 20
-789.9533333333333
 10
458.16666666666663
 20
-788.3566666666667
 10
461.36
 20
-786.76
 10
464.55333333333334
 20
-785.1633333333333
 10
467.74666666666667
 20
-783.5666666666667
 10
470.94
 20
-781.97
 10
473.8709090909091
 20
-779.7518181818182
 10
476.8018181818182
 20
-777.5336363636364
 10
479.7327272727273
 20
-775.3154545454546
 10
482.6636363636364
 20
-773.0972727272728
 10
485.5945454545455
 20
-770.8790909090909
 10
488.5254545454545
 20
-768.6609090909092
 10
491.4563636363636
 20
-766.4427272727273
 10
494.3872727272727
 20
-764.2245454545455
 10
497.3181818181818
 20
-762.0063636363636
 10
500.2490909090909
 20
-759.7881818181819
 10
503.18
 20
-757.57
 10
503.18
 20
-761.4422222222223
 10
503.18
 20
-765.3144444444445
 10
503.18
 20
-769.1866666666667
 10
503.18
 20
-773.0588888888889
 10
503.18
 20
-776.9311111111111
 10
503.18
 20
-780.8033333333333
 10
503.18
 20
-784.6755555555555
 10
503.18
 20
-788.5477777777777
 10
503.18
 20
-792.42
 10
502.3075
 20
-795.6875
 10
501.435
 20
-798.9549999999999
 10
500.5625
 20
-802.2225
 10
499.69
 20
-805.49
 10
497.948
 20
-808.452
 10
496.206
 20
-811.414
 10
494.464
 20
-814.376
 10
492.72200000000004
 20
-817.338
 10
490.98
 20
-820.3
 10
488.04
 20
-822.9137499999999
 10
485.1
 20
-825.5274999999999
 10
482.16
 20
-828.14125
 10
479.22
 20
-830.755
 10
476.28
 20
-833.36875
 10
473.34
 20
-835.9825000000001
 10
470.4
 20
-838.59625
 10
467.46
 20
-841.21
 10
465.13666666666666
 20
-843.8233333333334
 10
462.81333333333333
 20
-846.4366666666667
 10
460.49
 20
-849.05
 10
458.16666666666663
 20
-851.6633333333333
 10
455.8433333333333
 20
-854.2766666666666
 10
453.52
 20
-856.89
 10
452.126
 20
-860.374
 10
450.73199999999997
 20
-863.858
 10
449.338
 20
-867.342
 10
447.944
 20
-870.8259999999999
 10
446.55
 20
-874.31
 10
446.37600000000003
 20
-878.144
 10
446.202
 20
-881.978
 10
446.028
 20
-885.812
 10
445.854
 20
-889.646
 10
445.68
 20
-893.48
 10
447.64
 20
-889.995
 10
449.6
 20
-886.51
 10
451.56
 20
-883.025
 10
453.52
 20
-879.54
 10
455.48
 20
-876.0550000000001
 10
457.44
 20
-872.57
 10
459.40000000000003
 20
-869.085
 10
461.36
 20
-865.6
 10
463.62600000000003
 20
-863.3340000000001
 10
465.892
 20
-861.068
 10
468.158
 20
-858.802
 10
470.424
 20
-856.536
 10
472.69
 20
-854.27
 10
475.739
 20
-852.005
 10
478.788
 20
-849.74
 10
481.837
 20
-847.475
 10
484.886
 20
-845.21
 10
487.935
 20
-842.9449999999999
 10
490.984
 20
-840.68
 10
494.033
 20
-838.415
 10
497.082
 20
-836.15
 10
500.13100000000003
 20
-833.885
 10
503.18
 20
-831.62
 10
503.234375
 20
-835.431875
 10
503.28875
 20
-839.24375
 10
503.343125
 20
-843.055625
 10
503.39750000000004
 20
-846.8675000000001
 10
503.45187500000003
 20
-850.679375
 10
503.50625
 20
-854.49125
 10
503.560625
 20
-858.303125
 10
503.615
 20
-862.115
 10
503.669375
 20
-865.926875
 10
503.72375
 20
-869.73875
 10
503.778125
 20
-873.550625
 10
503.8325
 20
-877.3625
 10
503.88687500000003
 20
-881.174375
 10
503.94125
 20
-884.98625
 10
503.995625
 20
-888.798125
 10
504.05
 20
-892.61
 10
504.92125
 20
-896.42125
 10
505.7925
 20
-900.2325000000001
 10
506.66375
 20
-904.04375
 10
507.53499999999997
 20
-907.855
 10
508.40625
 20
-911.66625
 10
509.2775
 20
-915.4775
 10
510.14875
 20
-919.28875
 10
511.02
 20
-923.1
 10
511.7944444444444
 20
-919.3244444444445
 10
512.5688888888889
 20
-915.5488888888889
 10
513.3433333333334
 20
-911.7733333333333
 10
514.1177777777777
 20
-907.9977777777777
 10
514.8922222222222
 20
-904.2222222222223
 10
515.6666666666666
 20
-900.4466666666667
 10
516.4411111111111
 20
-896.6711111111111
 10
517.2155555555555
 20
-892.8955555555556
 10
517.99
 20
-889.12
 10
518.106
 20
-885.1706666666666
 10
518.222
 20
-881.2213333333333
 10
518.338
 20
-877.272
 10
518.4540000000001
 20
-873.3226666666667
 10
518.57
 20
-869.3733333333333
 10
518.686
 20
-865.424
 10
518.802
 20
-861.4746666666666
 10
518.918
 20
-857.5253333333334
 10
519.034
 20
-853.576
 10
519.15
 20
-849.6266666666667
 10
519.266
 20
-845.6773333333333
 10
519.3820000000001
 20
-841.728
 10
519.498
 20
-837.7786666666667
 10
519.614
 20
-833.8293333333334
 10
519.73
 20
-829.88
 10
522.655
 20
-832.4314285714286
 10
525.58
 20
-834.9828571428571
 10
528.505
 20
-837.5342857142857
 10
531.43
 20
-840.0857142857143
 10
534.355
 20
-842.6371428571429
 10
537.28
 20
-845.1885714285714
 10
540.2049999999999
 20
-847.74
 10
543.13
 20
-850.2914285714286
 10
546.055
 20
-852.8428571428572
 10
548.98
 20
-855.3942857142857
 10
551.905
 20
-857.9457142857143
 10
554.8299999999999
 20
-860.4971428571429
 10
557.755
 20
-863.0485714285714
 10
560.68
 20
-865.6
 10
562.4224999999999
 20
-868.2125
 10
564.165
 20
-870.825
 10
565.9075
 20
-873.4375
 10
567.65
 20
-876.05
 10
569.218
 20
-879.536
 10
570.786
 20
-883.0219999999999
 10
572.354
 20
-886.508
 10
573.922
 20
-889.994
 10
575.49
 20
-893.48
 10
575.7075
 20
-889.7775
 10
575.925
 20
-886.075
 10
576.1425
 20
-882.3725
 10
576.36
 20
-878.67
 10
575.1983333333334
 20
-875.3299999999999
 10
574.0366666666666
 20
-871.99
 10
572.875
 20
-868.65
 10
571.7133333333334
 20
-865.31
 10
570.5516666666666
 20
-861.97
 10
569.39
 20
-858.63
 10
567.6466666666666
 20
-856.0166666666667
 10
565.9033333333333
 20
-853.4033333333333
 10
564.16
 20
-850.79
 10
561.3283333333333
 20
-848.1766666666666
 10
558.4966666666667
 20
-845.5633333333333
 10
555.665
 20
-842.9499999999999
 10
552.8333333333333
 20
-840.3366666666666
 10
550.0016666666667
 20
-837.7233333333332
 10
547.17
 20
-835.1099999999999
 10
544.3383333333333
 20
-832.4966666666667
 10
541.5066666666667
 20
-829.8833333333333
 10
538.675
 20
-827.27
 10
535.8433333333332
 20
-824.6566666666666
 10
533.0116666666667
 20
-822.0433333333333
 10
530.18
 20
-819.43
 10
528.4375
 20
-816.5975
 10
526.6949999999999
 20
-813.765
 10
524.9525
 20
-810.9325
 10
523.21
 20
-808.1
 10
522.1225000000001
 20
-804.615
 10
521.0350000000001
 20
-801.13
 10
519.9475
 20
-797.645
 10
518.86
 20
-794.16
 10
518.947
 20
-790.327
 10
519.034
 20
-786.494
 10
519.121
 20
-782.661
 10
519.208
 20
-778.828
 10
519.2950000000001
 20
-774.995
 10
519.3820000000001
 20
-771.162
 10
519.469
 20
-767.3290000000001
 10
519.556
 20
-763.496
 10
519.643
 20
-759.663
 10
519.73
 20
-755.83
 10
522.1983333333334
 20
-758.2983333333334
 10
524.6666666666666
 20
-760.7666666666667
 10
527.135
 20
-763.235
 10
529.6033333333334
 20
-765.7033333333334
 10
532.0716666666666
 20
-768.1716666666666
 10
534.54
 20
-770.64
 10
537.2983333333333
 20
-772.5283333333333
 10
540.0566666666666
 20
-774.4166666666666
 10
542.815
 20
-776.3050000000001
 10
545.5733333333334
 20
-778.1933333333334
 10
548.3316666666667
 20
-780.0816666666667
 10
551.09
 20
-781.97
 10
554.2850000000001
 20
-783.5666666666667
 10
557.48
 20
-785.1633333333333
 10
560.675
 20
-786.76
 10
563.87
 20
-788.3566666666667
 10
567.065
 20
-789.9533333333333
 10
570.26
 20
-791.55
 10
573.8411111111111
 20
-792.9055555555556
 10
577.4222222222222
 20
-794.2611111111111
 10
581.0033333333333
 20
-795.6166666666667
 10
584.5844444444444
 20
-796.9722222222222
 10
588.1655555555556
 20
-798.3277777777778
 10
591.7466666666667
 20
-799.6833333333333
 10
595.3277777777778
 20
-801.0388888888889
 10
598.9088888888889
 20
-802.3944444444444
 10
602.49
 20
-803.75
 10
605.802
 20
-805.666
 10
609.114
 20
-807.582
 10
612.4259999999999
 20
-809.498
 10
615.7379999999999
 20
-811.414
 10
619.05
 20
-813.33
 10
621.76
 20
-815.8466666666667
 10
624.47
 20
-818.3633333333333
 10
627.18
 20
-820.88
 10
629.89
 20
-823.3966666666666
 10
632.6
 20
-825.9133333333334
 10
635.3100000000001
 20
-828.4300000000001
 10
638.02
 20
-830.9466666666667
 10
640.73
 20
-833.4633333333334
 10
643.44
 20
-835.98
 10
645.9083333333334
 20
-839.0283333333333
 10
648.3766666666667
 20
-842.0766666666667
 10
650.845
 20
-845.125
 10
653.3133333333334
 20
-848.1733333333333
 10
655.7816666666666
 20
-851.2216666666667
 10
658.25
 20
-854.27
 10
658.25
 20
-850.79
 10
656.9425
 20
-847.19625
 10
655.635
 20
-843.6025
 10
654.3275
 20
-840.00875
 10
653.02
 20
-836.415
 10
651.7125
 20
-832.82125
 10
650.405
 20
-829.2275
 10
649.0975
 20
-825.63375
 10
647.79
 20
-822.04
 10
645.3014285714286
 20
-818.9285714285714
 10
642.8128571428571
 20
-815.8171428571428
 10
640.3242857142857
 20
-812.7057142857143
 10
637.8357142857143
 20
-809.5942857142857
 10
635.3471428571429
 20
-806.4828571428571
 10
632.8585714285714
 20
-803.3714285714285
 10
630.37
 20
-800.26
 10
627.756
 20
-798.3439999999999
 10
625.1419999999999
 20
-796.428
 10
622.528
 20
-794.512
 10
619.914
 20
-792.596
 10
617.3
 20
-790.68
 10
613.8149999999999
 20
-788.9375
 10
610.3299999999999
 20
-787.1949999999999
 10
606.845
 20
-785.4525
 10
603.36
 20
-783.71
 10
599.6822222222222
 20
-782.3544444444444
 10
596.0044444444444
 20
-780.9988888888889
 10
592.3266666666667
 20
-779.6433333333333
 10
588.6488888888889
 20
-778.2877777777778
 10
584.9711111111111
 20
-776.9322222222222
 10
581.2933333333333
 20
-775.5766666666667
 10
577.6155555555556
 20
-774.2211111111111
 10
573.9377777777778
 20
-772.8655555555556
 10
570.26
 20
-771.51
 10
566.95
 20
-769.768
 10
563.64
 20
-768.026
 10
560.33
 20
-766.284
 10
557.02
 20
-764.5419999999999
 10
553.71
 20
-762.8
 10
550.8471428571429
 20
-760.56
 10
547.9842857142858
 20
-758.3199999999999
 10
545.1214285714286
 20
-756.0799999999999
 10
542.2585714285714
 20
-753.84
 10
539.3957142857142
 20
-751.6
 10
536.5328571428571
 20
-749.36
 10
533.67
 20
-747.12
 10
531.4916666666667
 20
-743.925
 10
529.3133333333333
 20
-740.73
 10
527.135
 20
-737.5350000000001
 10
524.9566666666667
 20
-734.34
 10
522.7783333333333
 20
-731.145
 10
520.6
 20
-727.95
 10
517.26
 20
-728.095
 10
513.9200000000001
 20
-728.24
 10
510.58000000000004
 20
-728.385
 10
507.24
 20
-728.5300000000001
 10
503.9
 20
-728.6750000000001
 10
500.56
 20
-728.82
 10
498.47
 20
-732.1320000000001
 10
496.38
 20
-735.4440000000001
 10
494.29
 20
-738.756
 10
492.2
 20
-742.068
 10
490.11
 20
-745.38
 10
487.2471428571429
 20
-747.7442857142858
 10
484.38428571428574
 20
-750.1085714285714
 10
481.5214285714286
 20
-752.4728571428572
 10
478.6585714285714
 20
-754.8371428571428
 10
475.79571428571427
 20
-757.2014285714286
 10
472.93285714285713
 20
-759.5657142857142
 10
470.07
 20
-761.93
 10
466.8342857142857
 20
-763.5471428571428
 10
463.5985714285714
 20
-765.1642857142857
 10
460.36285714285714
 20
-766.7814285714286
 10
457.12714285714287
 20
-768.3985714285714
 10
453.8914285714286
 20
-770.0157142857142
 10
450.6557142857143
 20
-771.6328571428571
 10
447.42
 20
-773.25
 10
443.7422222222222
 20
-774.6055555555556
 10
440.06444444444446
 20
-775.9611111111111
 10
436.38666666666666
 20
-777.3166666666667
 10
432.7088888888889
 20
-778.6722222222222
 10
429.0311111111111
 20
-780.0277777777778
 10
425.35333333333335
 20
-781.3833333333333
 10
421.67555555555555
 20
-782.7388888888889
 10
417.9977777777778
 20
-784.0944444444444
 10
414.32
 20
-785.45
 10
411.2085714285714
 20
-787.4414285714286
 10
408.09714285714284
 20
-789.4328571428572
 10
404.98571428571427
 20
-791.4242857142857
 10
401.87428571428575
 20
-793.4157142857143
 10
398.7628571428572
 20
-795.4071428571428
 10
395.6514285714286
 20
-797.3985714285715
 10
392.54
 20
-799.39
 10
390.2525
 20
-802.2212499999999
 10
387.96500000000003
 20
-805.0525
 10
385.6775
 20
-807.88375
 10
383.39
 20
-810.7149999999999
 10
381.1025
 20
-813.54625
 10
378.815
 20
-816.3774999999999
 10
376.52750000000003
 20
-819.20875
 10
374.24
 20
-822.04
 10
372.71500000000003
 20
-825.3075
 10
371.19
 20
-828.575
 10
369.66499999999996
 20
-831.8425
 10
368.14
 20
-835.11
 10
367.096
 20
-838.942
 10
366.052
 20
-842.774
 10
365.008
 20
-846.606
 10
363.964
 20
-850.438
 10
362.92
 20
-854.27
  0
LWPOLYLINE
  5
8D
330
17
100
AcDbEntity
  8
0
100
AcDbPolyline
 90
154
 70
1
 10
612.08
 20
-758.44
 10
615.7825
 20
-759.095
 10
619.485
 20
-759.75
 10
623.1875
 20
-760.405
 10
626.89
 20
-761.06
 10
630.2
 20
-760.886
 10
633.51
 20
-760.712
 10
636.82
 20
-760.538
 10
640.13
 20
-760.364
 10
643.44
 20
-760.19
 10
646.9250000000001
 20
-759.3175000000001
 10
650.4100000000001
 20
-758.445
 10
653.895
 20
-757.5725
 10
657.38
 20
-756.7
 10
660.64625
 20
-755.3937500000001
 10
663.9125
 20
-754.0875000000001
 10
667.17875
 20
-752.78125
 10
670.4449999999999
 20
-751.475
 10
673.71125
 20
-750.16875
 10
676.9775
 20
-748.8625
 10
680.24375
 20
-747.55625
 10
683.51
 20
-746.25
 10
686.85
 20
-745.5233333333333
 10
690.1899999999999
 20
-744.7966666666666
 10
693.53
 20
-744.0699999999999
 10
696.87
 20
-743.3433333333334
 10
700.2099999999999
 20
-742.6166666666667
 10
703.55
 20
-741.89
 10
707.035
 20
-741.89
 10
710.52
 20
-741.89
 10
714.005
 20
-741.89
 10
717.49
 20
-741.89
 10
720.975
 20
-741.89
 10
724.46
 20
-741.89
 10
728.2557142857144
 20
-742.7614285714286
 10
732.0514285714286
 20
-743.6328571428571
 10
735.8471428571429
 20
-744.5042857142857
 10
739.6428571428572
 20
-745.3757142857143
 10
743.4385714285714
 20
-746.2471428571429
 10
747.2342857142858
 20
-747.1185714285714
 10
751.03
 20
-747.99
 10
754.8257142857143
 20
-748.8614285714286
 10
758.6214285714286
 20
-749.7328571428571
 10
762.4171428571428
 20
-750.6042857142858
 10
766.2128571428572
 20
-751.4757142857143
 10
770.0085714285715
 20
-752.3471428571429
 10
773.8042857142857
 20
-753.2185714285714
 10
777.6
 20
-754.09
 10
781.434
 20
-754.264
 10
785.268
 20
-754.438
 10
789.102
 20
-754.6120000000001
 10
792.936
 20
-754.7860000000001
 10
796.77
 20
-754.96
 10
800.255
 20
-754.5250000000001
 10
803.74
 20
-754.09
 10
807.225
 20
-753.655
 10
810.71
 20
-753.22
 10
814.1933333333334
 20
-752.0583333333334
 10
817.6766666666667
 20
-750.8966666666666
 10
821.1600000000001
 20
-749.735
 10
824.6433333333333
 20
-748.5733333333334
 10
828.1266666666667
 20
-747.4116666666666
 10
831.61
 20
-746.25
 10
834.515
 20
-744.5066666666667
 10
837.42
 20
-742.7633333333333
 10
840.325
 20
-741.02
 10
843.23
 20
-739.2766666666666
 10
846.135
 20
-737.5333333333333
 10
849.04
 20
-735.79
 10
851.653
 20
-733.0899999999999
 10
854.266
 20
-730.39
 10
856.8789999999999
 20
-727.6899999999999
 10
859.492
 20
-724.99
 10
862.105
 20
-722.29
 10
864.718
 20
-719.5899999999999
 10
867.3309999999999
 20
-716.89
 10
869.944
 20
-714.1899999999999
 10
872.557
 20
-711.49
 10
875.17
 20
-708.79
 10
871.90375
 20
-710.0962499999999
 10
868.6374999999999
 20
-711.4024999999999
 10
865.3712499999999
 20
-712.70875
 10
862.105
 20
-714.015
 10
858.83875
 20
-715.32125
 10
855.5725
 20
-716.6275
 10
852.30625
 20
-717.93375
 10
849.04
 20
-719.24
 10
845.3375
 20
-719.4575
 10
841.635
 20
-719.675
 10
837.9325
 20
-719.8925
 10
834.23
 20
-720.11
 10
830.5274999999999
 20
-720.3275
 10
826.8249999999999
 20
-720.5450000000001
 10
823.1225
 20
-720.7625
 10
819.42
 20
-720.98
 10
815.6631249999999
 20
-720.054375
 10
811.90625
 20
-719.12875
 10
808.149375
 20
-718.203125
 10
804.3924999999999
 20
-717.2775
 10
800.635625
 20
-716.351875
 10
796.87875
 20
-715.42625
 10
793.1218749999999
 20
-714.500625
 10
789.365
 20
-713.575
 10
785.608125
 20
-712.649375
 10
781.8512499999999
 20
-711.72375
 10
778.0943749999999
 20
-710.798125
 10
774.3375
 20
-709.8725
 10
770.5806249999999
 20
-708.946875
 10
766.8237499999999
 20
-708.02125
 10
763.066875
 20
-707.0956249999999
 10
759.31
 20
-706.17
 10
755.3411111111111
 20
-706.17
 10
751.3722222222221
 20
-706.17
 10
747.4033333333333
 20
-706.17
 10
743.4344444444445
 20
-706.17
 10
739.4655555555555
 20
-706.17
 10
735.4966666666667
 20
-706.17
 10
731.5277777777778
 20
-706.17
 10
727.5588888888889
 20
-706.17
 10
723.59
 20
-706.17
 10
720.278
 20
-707.0419999999999
 10
716.966
 20
-707.914
 10
713.654
 20
-708.786
 10
710.342
 20
-709.658
 10
707.03
 20
-710.53
 10
703.5466666666666
 20
-712.1266666666667
 10
700.0633333333333
 20
-713.7233333333334
 10
696.5799999999999
 20
-715.3199999999999
 10
693.0966666666667
 20
-716.9166666666666
 10
689.6133333333333
 20
-718.5133333333333
 10
686.13
 20
-720.11
 10
682.8827272727273
 20
-722.2481818181818
 10
679.6354545454545
 20
-724.3863636363636
 10
676.3881818181818
 20
-726.5245454545454
 10
673.1409090909091
 20
-728.6627272727272
 10
669.8936363636363
 20
-730.800909090909
 10
666.6463636363636
 20
-732.939090909091
 10
663.3990909090909
 20
-735.0772727272728
 10
660.1518181818182
 20
-737.2154545454546
 10
656.9045454545454
 20
-739.3536363636364
 10
653.6572727272727
 20
-741.4918181818182
 10
650.41
 20
-743.63
 10
647.36
 20
-745.2283333333334
 10
644.31
 20
-746.8266666666667
 10
641.26
 20
-748.425
 10
638.21
 20
-750.0233333333333
 10
635.16
 20
-751.6216666666667
 10
632.11
 20
-753.22
 10
628.7716666666666
 20
-754.09
 10
625.4333333333334
 20
-754.96
 10
622.095
 20
-755.83
 10
618.7566666666667
 20
-756.7
 10
615.4183333333334
 20
-757.57
 10
612.08
 20
-758.44
  0
LWPOLYLINE
  5
8E
330
17
100
AcDbEntity
  8
0
100
AcDbPolyline
 90
152
 70
1
 10
146.86
 20
-708.79
 10
149.32833333333335
 20
-711.6933333333333
 10
151.79666666666668
 20
-714.5966666666667
 10
154.265
 20
-717.5
 10
156.73333333333332
 20
-720.4033333333333
 10
159.20166666666665
 20
-723.3066666666667
 10
161.67
 20
-726.21
 10
164.4085714285714
 20
-728.3257142857143
 10
167.14714285714285
 20
-730.4414285714286
 10
169.88571428571427
 20
-732.5571428571428
 10
172.62428571428572
 20
-734.6728571428572
 10
175.36285714285714
 20
-736.7885714285715
 10
178.10142857142858
 20
-738.9042857142857
 10
180.84
 20
-741.02
 10
183.88833333333332
 20
-742.4716666666667
 10
186.93666666666667
 20
-743.9233333333333
 10
189.985
 20
-745.375
 10
193.03333333333333
 20
-746.8266666666667
 10
196.08166666666665
 20
-748.2783333333333
 10
199.13
 20
-749.73
 10
202.61599999999999
 20
-750.602
 10
206.102
 20
-751.474
 10
209.588
 20
-752.346
 10
213.074
 20
-753.2180000000001
 10
216.56
 20
-754.09
 10
220.15375
 20
-754.09
 10
223.7475
 20
-754.09
 10
227.34125
 20
-754.09
 10
230.935
 20
-754.09
 10
234.52875
 20
-754.09
 10
238.1225
 20
-754.09
 10
241.71625
 20
-754.09
 10
245.31
 20
-754.09
 10
249.1109090909091
 20
-753.1390909090909
 10
252.91181818181818
 20
-752.1881818181819
 10
256.71272727272725
 20
-751.2372727272727
 10
260.51363636363635
 20
-750.2863636363636
 10
264.31454545454545
 20
-749.3354545454546
 10
268.11545454545455
 20
-748.3845454545454
 10
271.91636363636366
 20
-747.4336363636364
 10
275.71727272727276
 20
-746.4827272727273
 10
279.5181818181818
 20
-745.5318181818182
 10
283.3190909090909
 20
-744.5809090909091
 10
287.12
 20
-743.63
 10
290.93125
 20
-743.4125
 10
294.7425
 20
-743.1949999999999
 10
298.55375000000004
 20
-742.9775
 10
302.365
 20
-742.76
 10
306.17625
 20
-742.5425
 10
309.9875
 20
-742.325
 10
313.79875000000004
 20
-742.1075
 10
317.61
 20
-741.89
 10
321.096
 20
-742.588
 10
324.582
 20
-743.286
 10
328.06800000000004
 20
-743.984
 10
331.55400000000003
 20
-744.682
 10
335.04
 20
-745.38
 10
338.5242857142857
 20
-746.7485714285714
 10
342.00857142857143
 20
-748.1171428571429
 10
345.49285714285713
 20
-749.4857142857143
 10
348.9771428571429
 20
-750.8542857142858
 10
352.4614285714286
 20
-752.2228571428572
 10
355.9457142857143
 20
-753.5914285714287
 10
359.43
 20
-754.96
 10
363.264
 20
-756.0060000000001
 10
367.098
 20
-757.052
 10
370.932
 20
-758.0980000000001
 10
374.766
 20
-759.144
 10
378.6
 20
-760.19
 10
381.91
 20
-760.364
 10
385.22
 20
-760.538
 10
388.53
 20
-760.712
 10
391.84
 20
-760.886
 10
395.15
 20
-761.06
 10
398.85249999999996
 20
-760.405
 10
402.55499999999995
 20
-759.75
 10
406.2575
 20
-759.095
 10
409.96
 20
-758.44
 10
406.2257142857143
 20
-757.32
 10
402.49142857142857
 20
-756.2
 10
398.75714285714287
 20
-755.08
 10
395.0228571428571
 20
-753.96
 10
391.2885714285714
 20
-752.84
 10
387.5542857142857
 20
-751.72
 10
383.82
 20
-750.6
 10
380.626
 20
-748.5673333333334
 10
377.432
 20
-746.5346666666667
 10
374.238
 20
-744.5020000000001
 10
371.044
 20
-742.4693333333333
 10
367.85
 20
-740.4366666666667
 10
364.656
 20
-738.404
 10
361.462
 20
-736.3713333333334
 10
358.26800000000003
 20
-734.3386666666667
 10
355.074
 20
-732.306
 10
351.88
 20
-730.2733333333333
 10
348.68600000000004
 20
-728.2406666666667
 10
345.492
 20
-726.208
 10
342.298
 20
-724.1753333333334
 10
339.10400000000004
 20
-722.1426666666666
 10
335.91
 20
-720.11
 10
332.425
 20
-718.5133333333333
 10
328.94
 20
-716.9166666666666
 10
325.45500000000004
 20
-715.3199999999999
 10
321.97
 20
-713.7233333333334
 10
318.485
 20
-712.1266666666667
 10
315.0
 20
-710.53
 10
311.69
 20
-709.658
 10
308.38
 20
-708.786
 10
305.07
 20
-707.914
 10
301.76
 20
-707.0419999999999
 10
298.45
 20
-706.17
 10
294.4811111111111
 20
-706.17
 10
290.5122222222222
 20
-706.17
 10
286.54333333333335
 20
-706.17
 10
282.57444444444445
 20
-706.17
 10
278.60555555555555
 20
-706.17
 10
274.63666666666666
 20
-706.17
 10
270.6677777777778
 20
-706.17
 10
266.6988888888889
 20
-706.17
 10
262.73
 20
-706.17
 10
259.02750000000003
 20
-707.0956249999999
 10
255.32500000000002
 20
-708.02125
 10
251.6225
 20
-708.946875
 10
247.92000000000002
 20
-709.8725
 10
244.21750000000003
 20
-710.798125
 10
240.51500000000001
 20
-711.72375
 10
236.8125
 20
-712.649375
 10
233.11
 20
-713.575
 10
229.40750000000003
 20
-714.500625
 10
225.705
 20
-715.42625
 10
222.0025
 20
-716.351875
 10
218.3
 20
-717.2775
 10
214.59750000000003
 20
-718.203125
 10
210.895
 20
-719.12875
 10
207.1925
 20
-720.054375
 10
203.49
 20
-720.98
 10
199.67875
 20
-720.7625
 10
195.8675
 20
-720.5450000000001
 10
192.05625
 20
-720.3275
 10
188.245
 20
-720.11
 10
184.43375
 20
-719.8925
 10
180.6225
 20
-719.675
 10
176.81125
 20
-719.4575
 10
173.0
 20
-719.24
 10
169.73250000000002
 20
-717.93375
 10
166.465
 20
-716.6275
 10
163.1975
 20
-715.32125
 10
159.93
 20
-714.015
 10
156.66250000000002
 20
-712.70875
 10
153.395
 20
-711.4024999999999
 10
150.1275
 20
-710.0962499999999
 10
146.86
 20
-708.79
  0
LWPOLYLINE
  5
8F
330
17
100
AcDbEntity
  8
0
100
AcDbPolyline
 90
162
 70
1
 10
408.22
 20
-691.36
 10
408.22
 20
-695.3428571428572
 10
408.22
 20
-699.3257142857143
 10
408.22
 20
-703.3085714285714
 10
408.22
 20
-707.2914285714286
 10
408.22
 20
-711.2742857142857
 10
408.22
 20
-715.2571428571429
 10
408.22
 20
-719.24
 10
409.96
 20
-720.11
 10
413.9231372549019
 20
-720.11
 10
417.8862745098039
 20
-720.11
 10
421.84941176470585
 20
-720.11
 10
425.81254901960784
 20
-720.11
 10
429.7756862745098
 20
-720.11
 10
433.7388235294118
 20
-720.11
 10
437.7019607843137
 20
-720.11
 10
441.66509803921565
 20
-720.11
 10
445.62823529411764
 20
-720.11
 10
449.5913725490196
 20
-720.11
 10
453.5545098039216
 20
-720.11
 10
457.5176470588235
 20
-720.11
 10
461.4807843137255
 20
-720.11
 10
465.44392156862745
 20
-720.11
 10
469.4070588235294
 20
-720.11
 10
473.3701960784314
 20
-720.11
 10
477.3333333333333
 20
-720.11
 10
481.2964705882353
 20
-720.11
 10
485.25960784313725
 20
-720.11
 10
489.22274509803924
 20
-720.11
 10
493.1858823529412
 20
-720.11
 10
497.1490196078431
 20
-720.11
 10
501.1121568627451
 20
-720.11
 10
505.07529411764705
 20
-720.11
 10
509.03843137254904
 20
-720.11
 10
513.001568627451
 20
-720.11
 10
516.964705882353
 20
-720.11
 10
520.927843137255
 20
-720.11
 10
524.8909803921568
 20
-720.11
 10
528.8541176470588
 20
-720.11
 10
532.8172549019608
 20
-720.11
 10
536.7803921568627
 20
-720.11
 10
540.7435294117647
 20
-720.11
 10
544.7066666666667
 20
-720.11
 10
548.6698039215687
 20
-720.11
 10
552.6329411764706
 20
-720.11
 10
556.5960784313726
 20
-720.11
 10
560.5592156862746
 20
-720.11
 10
564.5223529411765
 20
-720.11
 10
568.4854901960784
 20
-720.11
 10
572.4486274509804
 20
-720.11
 10
576.4117647058824
 20
-720.11
 10
580.3749019607843
 20
-720.11
 10
584.3380392156863
 20
-720.11
 10
588.3011764705883
 20
-720.11
 10
592.2643137254902
 20
-720.11
 10
596.2274509803922
 20
-720.11
 10
600.1905882352942
 20
-720.11
 10
604.1537254901962
 20
-720.11
 10
608.116862745098
 20
-720.11
 10
612.08
 20
-720.11
 10
612.08
 20
-716.4075
 10
612.08
 20
-712.705
 10
612.08
 20
-709.0025
 10
612.08
 20
-705.3
 10
612.08
 20
-701.5975
 10
612.08
 20
-697.895
 10
612.08
 20
-694.1925
 10
612.08
 20
-690.49
 10
608.1111111111112
 20
-690.49
 10
604.1422222222222
 20
-690.49
 10
600.1733333333334
 20
-690.49
 10
596.2044444444444
 20
-690.49
 10
592.2355555555556
 20
-690.49
 10
588.2666666666667
 20
-690.49
 10
584.2977777777778
 20
-690.49
 10
580.3288888888889
 20
-690.49
 10
576.36
 20
-690.49
 10
572.3911111111112
 20
-690.49
 10
568.4222222222222
 20
-690.49
 10
564.4533333333334
 20
-690.49
 10
560.4844444444444
 20
-690.49
 10
556.5155555555556
 20
-690.49
 10
552.5466666666666
 20
-690.49
 10
548.5777777777778
 20
-690.49
 10
544.6088888888889
 20
-690.49
 10
540.64
 20
-690.49
 10
538.9
 20
-688.75
 10
538.9
 20
-684.8984210526315
 10
538.9
 20
-681.0468421052632
 10
538.9
 20
-677.1952631578947
 10
538.9
 20
-673.3436842105264
 10
538.9
 20
-669.4921052631579
 10
538.9
 20
-665.6405263157895
 10
538.9
 20
-661.7889473684211
 10
538.9
 20
-657.9373684210526
 10
538.9
 20
-654.0857894736843
 10
538.9
 20
-650.2342105263158
 10
538.9
 20
-646.3826315789474
 10
538.9
 20
-642.531052631579
 10
538.9
 20
-638.6794736842105
 10
538.9
 20
-634.8278947368422
 10
538.9
 20
-630.9763157894737
 10
538.9
 20
-627.1247368421053
 10
538.9
 20
-623.2731578947369
 10
538.9
 20
-619.4215789473685
 10
538.9
 20
-615.57
 10
536.5766666666666
 20
-613.8266666666667
 10
534.2533333333333
 20
-612.0833333333334
 10
531.93
 20
-610.34
 10
528.7919999999999
 20
-609.644
 10
525.654
 20
-608.948
 10
522.516
 20
-608.2520000000001
 10
519.378
 20
-607.556
 10
516.24
 20
-606.86
 10
512.6116666666667
 20
-607.15
 10
508.98333333333335
 20
-607.44
 10
505.355
 20
-607.73
 10
501.7266666666667
 20
-608.02
 10
498.09833333333336
 20
-608.3100000000001
 10
494.47
 20
-608.6
 10
491.42
 20
-610.125
 10
488.37
 20
-611.6500000000001
 10
485.32
 20
-613.1750000000001
 10
482.27
 20
-614.7
 10
482.17842105263156
 20
-618.688947368421
 10
482.08684210526314
 20
-622.6778947368422
 10
481.9952631578947
 20
-626.6668421052632
 10
481.9036842105263
 20
-630.6557894736842
 10
481.8121052631579
 20
-634.6447368421053
 10
481.72052631578947
 20
-638.6336842105263
 10
481.62894736842105
 20
-642.6226315789474
 10
481.53736842105263
 20
-646.6115789473685
 10
481.4457894736842
 20
-650.6005263157895
 10
481.35421052631574
 20
-654.5894736842106
 10
481.2626315789473
 20
-658.5784210526316
 10
481.1710526315789
 20
-662.5673684210526
 10
481.0794736842105
 20
-666.5563157894737
 10
480.98789473684207
 20
-670.5452631578947
 10
480.89631578947365
 20
-674.5342105263159
 10
480.8047368421052
 20
-678.5231578947369
 10
480.7131578947368
 20
-682.5121052631579
 10
480.6215789473684
 20
-686.501052631579
 10
480.53
 20
-690.49
 10
476.72421052631574
 20
-690.5357894736842
 10
472.9184210526316
 20
-690.5815789473685
 10
469.11263157894734
 20
-690.6273684210527
 10
465.3068421052632
 20
-690.6731578947368
 10
461.50105263157894
 20
-690.718947368421
 10
457.6952631578947
 20
-690.7647368421053
 10
453.88947368421054
 20
-690.8105263157895
 10
450.0836842105263
 20
-690.8563157894737
 10
446.2778947368421
 20
-690.9021052631579
 10
442.4721052631579
 20
-690.9478947368422
 10
438.6663157894737
 20
-690.9936842105263
 10
434.86052631578946
 20
-691.0394736842105
 10
431.0547368421053
 20
-691.0852631578947
 10
427.24894736842106
 20
-691.131052631579
 10
423.4431578947368
 20
-691.1768421052632
 10
419.63736842105266
 20
-691.2226315789474
 10
415.8315789473684
 20
-691.2684210526315
 10
412.02578947368426
 20
-691.3142105263158
 10
408.22
 20
-691.36
  0
LWPOLYLINE
  5
90
330
17
100
AcDbEntity
  8
0
100
AcDbPolyline
 90
65
 70
1
 10
467.46
 20
-591.18
 10
467.286
 20
-594.664
 10
467.11199999999997
 20
-598.148
 10
466.938
 20
-601.632
 10
466.76399999999995
 20
-605.116
 10
466.59
 20
-608.6
 10
469.8738461538461
 20
-606.6561538461539
 10
473.1576923076923
 20
-604.7123076923077
 10
476.4415384615384
 20
-602.7684615384616
 10
479.7253846153846
 20
-600.8246153846154
 10
483.0092307692307
 20
-598.8807692307693
 10
486.2930769230769
 20
-596.9369230769231
 10
489.57692307692304
 20
-594.993076923077
 10
492.8607692307692
 20
-593.0492307692308
 10
496.14461538461535
 20
-591.1053846153847
 10
499.42846153846153
 20
-589.1615384615385
 10
502.71230769230766
 20
-587.2176923076923
 10
505.99615384615385
 20
-585.2738461538462
 10
509.28
 20
-583.33
 10
511.89
 20
-583.33
 10
515.1738461538462
 20
-585.2738461538462
 10
518.4576923076924
 20
-587.2176923076923
 10
521.7415384615384
 20
-589.1615384615385
 10
525.0253846153846
 20
-591.1053846153847
 10
528.3092307692308
 20
-593.0492307692308
 10
531.593076923077
 20
-594.993076923077
 10
534.876923076923
 20
-596.9369230769231
 10
538.1607692307692
 20
-598.8807692307693
 10
541.4446153846154
 20
-600.8246153846154
 10
544.7284615384616
 20
-602.7684615384616
 10
548.0123076923077
 20
-604.7123076923077
 10
551.2961538461539
 20
-606.6561538461539
 10
554.58
 20
-608.6
 10
554.58
 20
-605.29
 10
554.58
 20
-601.98
 10
554.58
 20
-598.67
 10
554.58
 20
-595.36
 10
554.58
 20
-592.05
 10
551.2961538461539
 20
-589.7715384615384
 10
548.0123076923077
 20
-587.4930769230768
 10
544.7284615384616
 20
-585.2146153846153
 10
541.4446153846154
 20
-582.9361538461538
 10
538.1607692307692
 20
-580.6576923076923
 10
534.876923076923
 20
-578.3792307692307
 10
531.593076923077
 20
-576.1007692307692
 10
528.3092307692308
 20
-573.8223076923076
 10
525.0253846153846
 20
-571.5438461538461
 10
521.7415384615384
 20
-569.2653846153846
 10
518.4576923076924
 20
-566.9869230769231
 10
515.1738461538462
 20
-564.7084615384615
 10
511.89
 20
-562.43
 10
509.28
 20
-562.43
 10
506.0630769230769
 20
-564.6415384615384
 10
502.8461538461538
 20
-566.8530769230769
 10
499.62923076923073
 20
-569.0646153846153
 10
496.41230769230765
 20
-571.2761538461538
 10
493.19538461538457
 20
-573.4876923076922
 10
489.9784615384615
 20
-575.6992307692307
 10
486.76153846153846
 20
-577.9107692307692
 10
483.5446153846154
 20
-580.1223076923077
 10
480.3276923076923
 20
-582.3338461538461
 10
477.1107692307692
 20
-584.5453846153846
 10
473.89384615384614
 20
-586.756923076923
 10
470.67692307692306
 20
-588.9684615384615
 10
467.46
 20
-591.18
  0
LWPOLYLINE
  5
91
330
17
100
AcDbEntity
  8
0
100
AcDbPolyline
 90
216
 70
1
 10
894.34
 20
-477.92
 10
891.639
 20
-480.795
 10
888.938
 20
-483.67
 10
886.2370000000001
 20
-486.545
 10
883.5360000000001
 20
-489.42
 10
880.835
 20
-492.295
 10
878.134
 20
-495.17
 10
875.433
 20
-498.045
 10
872.7320000000001
 20
-500.92
 10
870.0310000000001
 20
-503.795
 10
867.33
 20
-506.67
 10
864.7180000000001
 20
-508.76
 10
862.106
 20
-510.85
 10
859.494
 20
-512.94
 10
856.882
 20
-515.03
 10
854.27
 20
-517.12
 10
851.075
 20
-519.1533333333333
 10
847.88
 20
-521.1866666666667
 10
844.685
 20
-523.22
 10
841.49
 20
-525.2533333333333
 10
838.2950000000001
 20
-527.2866666666667
 10
835.1
 20
-529.32
 10
831.6152380952382
 20
-531.1038095238096
 10
828.1304761904762
 20
-532.8876190476191
 10
824.6457142857143
 20
-534.6714285714286
 10
821.1609523809524
 20
-536.4552380952381
 10
817.6761904761905
 20
-538.2390476190476
 10
814.1914285714286
 20
-540.0228571428572
 10
810.7066666666667
 20
-541.8066666666667
 10
807.2219047619047
 20
-543.5904761904762
 10
803.7371428571429
 20
-545.3742857142857
 10
800.2523809523809
 20
-547.1580952380953
 10
796.7676190476191
 20
-548.9419047619048
 10
793.2828571428571
 20
-550.7257142857143
 10
789.7980952380952
 20
-552.5095238095238
 10
786.3133333333333
 20
-554.2933333333333
 10
782.8285714285714
 20
-556.0771428571428
 10
779.3438095238095
 20
-557.8609523809523
 10
775.8590476190476
 20
-559.6447619047619
 10
772.3742857142856
 20
-561.4285714285714
 10
768.8895238095238
 20
-563.212380952381
 10
765.4047619047619
 20
-564.9961904761905
 10
761.92
 20
-566.78
 10
758.8085714285714
 20
-568.8957142857142
 10
755.6971428571428
 20
-571.0114285714286
 10
752.5857142857143
 20
-573.1271428571429
 10
749.4742857142857
 20
-575.2428571428571
 10
746.3628571428571
 20
-577.3585714285714
 10
743.2514285714285
 20
-579.4742857142858
 10
740.14
 20
-581.59
 10
737.5271428571428
 20
-583.83
 10
734.9142857142857
 20
-586.07
 10
732.3014285714286
 20
-588.3100000000001
 10
729.6885714285714
 20
-590.55
 10
727.0757142857143
 20
-592.79
 10
724.4628571428572
 20
-595.03
 10
721.85
 20
-597.27
 10
719.4541666666667
 20
-600.1016666666667
 10
717.0583333333334
 20
-602.9333333333333
 10
714.6625
 20
-605.765
 10
712.2666666666667
 20
-608.5966666666667
 10
709.8708333333334
 20
-611.4283333333333
 10
707.475
 20
-614.26
 10
705.0791666666667
 20
-617.0916666666667
 10
702.6833333333334
 20
-619.9233333333333
 10
700.2875
 20
-622.755
 10
697.8916666666667
 20
-625.5866666666667
 10
695.4958333333334
 20
-628.4183333333333
 10
693.1
 20
-631.25
 10
691.054347826087
 20
-634.6213043478261
 10
689.008695652174
 20
-637.9926086956522
 10
686.9630434782608
 20
-641.3639130434783
 10
684.9173913043478
 20
-644.7352173913043
 10
682.8717391304348
 20
-648.1065217391305
 10
680.8260869565217
 20
-651.4778260869565
 10
678.7804347826087
 20
-654.8491304347826
 10
676.7347826086957
 20
-658.2204347826087
 10
674.6891304347826
 20
-661.5917391304348
 10
672.6434782608695
 20
-664.9630434782608
 10
670.5978260869565
 20
-668.334347826087
 10
668.5521739130435
 20
-671.705652173913
 10
666.5065217391304
 20
-675.0769565217391
 10
664.4608695652174
 20
-678.4482608695652
 10
662.4152173913043
 20
-681.8195652173913
 10
660.3695652173913
 20
-685.1908695652173
 10
658.3239130434782
 20
-688.5621739130435
 10
656.2782608695652
 20
-691.9334782608695
 10
654.2326086956522
 20
-695.3047826086956
 10
652.1869565217391
 20
-698.6760869565217
 10
650.141304347826
 20
-702.0473913043478
 10
648.095652173913
 20
-705.4186956521739
 10
646.05
 20
-708.79
 10
643.5614285714286
 20
-711.4028571428571
 10
641.0728571428571
 20
-714.0157142857142
 10
638.5842857142857
 20
-716.6285714285714
 10
636.0957142857143
 20
-719.2414285714286
 10
633.6071428571429
 20
-721.8542857142858
 10
631.1185714285714
 20
-724.4671428571429
 10
628.63
 20
-727.08
 10
626.016
 20
-728.996
 10
623.4019999999999
 20
-730.912
 10
620.788
 20
-732.828
 10
618.174
 20
-734.744
 10
615.56
 20
-736.66
 10
619.1685714285713
 20
-735.1671428571428
 10
622.7771428571428
 20
-733.6742857142857
 10
626.3857142857142
 20
-732.1814285714286
 10
629.9942857142858
 20
-730.6885714285714
 10
633.6028571428571
 20
-729.1957142857143
 10
637.2114285714287
 20
-727.7028571428572
 10
640.82
 20
-726.21
 10
643.9881818181818
 20
-724.0718181818182
 10
647.1563636363637
 20
-721.9336363636364
 10
650.3245454545455
 20
-719.7954545454546
 10
653.4927272727273
 20
-717.6572727272728
 10
656.6609090909091
 20
-715.519090909091
 10
659.829090909091
 20
-713.3809090909091
 10
662.9972727272727
 20
-711.2427272727273
 10
666.1654545454545
 20
-709.1045454545455
 10
669.3336363636363
 20
-706.9663636363637
 10
672.5018181818182
 20
-704.8281818181819
 10
675.67
 20
-702.69
 10
678.9375
 20
-701.0562500000001
 10
682.2049999999999
 20
-699.4225
 10
685.4725
 20
-697.78875
 10
688.74
 20
-696.155
 10
692.0074999999999
 20
-694.52125
 10
695.275
 20
-692.8875
 10
698.5424999999999
 20
-691.25375
 10
701.81
 20
-689.62
 10
705.6212499999999
 20
-688.4225
 10
709.4324999999999
 20
-687.225
 10
713.24375
 20
-686.0275
 10
717.055
 20
-684.8299999999999
 10
720.8662499999999
 20
-683.6324999999999
 10
724.6775
 20
-682.435
 10
728.48875
 20
-681.2375
 10
732.3
 20
-680.04
 10
736.0459999999999
 20
-679.43
 10
739.7919999999999
 20
-678.8199999999999
 10
743.538
 20
-678.21
 10
747.284
 20
-677.6
 10
751.03
 20
-676.99
 10
754.776
 20
-676.38
 10
758.5219999999999
 20
-675.77
 10
762.268
 20
-675.1600000000001
 10
766.014
 20
-674.5500000000001
 10
769.76
 20
-673.94
 10
773.13625
 20
-672.96
 10
776.5125
 20
-671.98
 10
779.88875
 20
-671.0
 10
783.265
 20
-670.02
 10
786.64125
 20
-669.0400000000001
 10
790.0174999999999
 20
-668.0600000000001
 10
793.39375
 20
-667.08
 10
796.77
 20
-666.1
 10
800.08
 20
-664.532
 10
803.39
 20
-662.964
 10
806.7
 20
-661.396
 10
810.01
 20
-659.828
 10
813.32
 20
-658.26
 10
816.1828571428572
 20
-656.2685714285715
 10
819.0457142857143
 20
-654.2771428571428
 10
821.9085714285715
 20
-652.2857142857143
 10
824.7714285714286
 20
-650.2942857142857
 10
827.6342857142857
 20
-648.3028571428572
 10
830.4971428571429
 20
-646.3114285714286
 10
833.36
 20
-644.32
 10
836.148
 20
-641.532
 10
838.936
 20
-638.744
 10
841.7239999999999
 20
-635.956
 10
844.512
 20
-633.168
 10
847.3
 20
-630.38
 10
849.4766666666667
 20
-627.4766666666667
 10
851.6533333333333
 20
-624.5733333333334
 10
853.8299999999999
 20
-621.6700000000001
 10
856.0066666666667
 20
-618.7666666666667
 10
858.1833333333334
 20
-615.8633333333333
 10
860.36
 20
-612.96
 10
862.1027272727273
 20
-609.3954545454545
 10
863.8454545454546
 20
-605.8309090909091
 10
865.5881818181819
 20
-602.2663636363636
 10
867.3309090909091
 20
-598.7018181818182
 10
869.0736363636364
 20
-595.1372727272727
 10
870.8163636363636
 20
-591.5727272727273
 10
872.5590909090909
 20
-588.0081818181818
 10
874.3018181818181
 20
-584.4436363636364
 10
876.0445454545454
 20
-580.8790909090909
 10
877.7872727272727
 20
-577.3145454545455
 10
879.53
 20
-573.75
 10
880.6916666666666
 20
-570.12
 10
881.8533333333334
 20
-566.49
 10
883.015
 20
-562.86
 10
884.1766666666666
 20
-559.23
 10
885.3383333333334
 20
-555.6
 10
886.5
 20
-551.97
 10
887.2744444444445
 20
-548.1955555555555
 10
888.0488888888889
 20
-544.4211111111111
 10
888.8233333333334
 20
-540.6466666666666
 10
889.5977777777778
 20
-536.8722222222223
 10
890.3722222222223
 20
-533.0977777777778
 10
891.1466666666666
 20
-529.3233333333334
 10
891.9211111111111
 20
-525.5488888888889
 10
892.6955555555555
 20
-521.7744444444445
 10
893.47
 20
-518.0
 10
893.818
 20
-514.514
 10
894.166
 20
-511.028
 10
894.514
 20
-507.542
 10
894.8620000000001
 20
-504.056
 10
895.21
 20
-500.57
 10
895.065
 20
-496.795
 10
894.9200000000001
 20
-493.02
 10
894.7750000000001
 20
-489.245
 10
894.63
 20
-485.47
 10
894.485
 20
-481.695
 10
894.34
 20
-477.92
  0
LWPOLYLINE
  5
92
330
17
100
AcDbEntity
  8
0
100
AcDbPolyline
 90
116
 70
1
 10
857.75
 20
-551.97
 10
855.746
 20
-555.019
 10
853.742
 20
-558.068
 10
851.738
 20
-561.1170000000001
 10
849.734
 20
-564.166
 10
847.73
 20
-567.215
 10
845.726
 20
-570.264
 10
843.722
 20
-573.313
 10
841.7180000000001
 20
-576.3620000000001
 10
839.714
 20
-579.4110000000001
 10
837.71
 20
-582.46
 10
834.8066666666667
 20
-585.1711111111111
 10
831.9033333333334
 20
-587.8822222222223
 10
829.0
 20
-590.5933333333334
 10
826.0966666666667
 20
-593.3044444444445
 10
823.1933333333334
 20
-596.0155555555556
 10
820.2900000000001
 20
-598.7266666666667
 10
817.3866666666667
 20
-601.4377777777778
 10
814.4833333333333
 20
-604.1488888888889
 10
811.58
 20
-606.86
 10
808.3327272727273
 20
-608.6809090909092
 10
805.0854545454546
 20
-610.5018181818182
 10
801.8381818181819
 20
-612.3227272727273
 10
798.5909090909091
 20
-614.1436363636363
 10
795.3436363636364
 20
-615.9645454545455
 10
792.0963636363637
 20
-617.7854545454545
 10
788.8490909090909
 20
-619.6063636363637
 10
785.6018181818182
 20
-621.4272727272727
 10
782.3545454545455
 20
-623.2481818181818
 10
779.1072727272727
 20
-625.0690909090908
 10
775.86
 20
-626.89
 10
772.2407692307693
 20
-628.4984615384615
 10
768.6215384615384
 20
-630.1069230769231
 10
765.0023076923077
 20
-631.7153846153846
 10
761.3830769230769
 20
-633.3238461538461
 10
757.7638461538461
 20
-634.9323076923076
 10
754.1446153846153
 20
-636.5407692307692
 10
750.5253846153846
 20
-638.1492307692307
 10
746.9061538461539
 20
-639.7576923076923
 10
743.286923076923
 20
-641.3661538461538
 10
739.6676923076923
 20
-642.9746153846154
 10
736.0484615384615
 20
-644.5830769230769
 10
732.4292307692307
 20
-646.1915384615385
 10
728.81
 20
-647.8
 10
725.7133333333333
 20
-649.8333333333333
 10
722.6166666666667
 20
-651.8666666666667
 10
719.52
 20
-653.9
 10
716.4233333333333
 20
-655.9333333333333
 10
713.3266666666667
 20
-657.9666666666667
 10
710.23
 20
-660.0
 10
707.1333333333333
 20
-662.0333333333333
 10
704.0366666666667
 20
-664.0666666666667
 10
700.94
 20
-666.1
 10
698.152
 20
-668.538
 10
695.364
 20
-670.976
 10
692.576
 20
-673.414
 10
689.788
 20
-675.852
 10
687.0
 20
-678.29
 10
684.38
 20
-676.55
 10
686.99375
 20
-673.71875
 10
689.6075
 20
-670.8874999999999
 10
692.2212499999999
 20
-668.05625
 10
694.835
 20
-665.2249999999999
 10
697.44875
 20
-662.39375
 10
700.0625
 20
-659.5625
 10
702.67625
 20
-656.7312499999999
 10
705.29
 20
-653.9
 10
708.0285714285714
 20
-651.66
 10
710.7671428571429
 20
-649.42
 10
713.5057142857142
 20
-647.18
 10
716.2442857142858
 20
-644.94
 10
718.9828571428571
 20
-642.7
 10
721.7214285714286
 20
-640.46
 10
724.46
 20
-638.22
 10
727.6957142857143
 20
-636.2285714285714
 10
730.9314285714286
 20
-634.2371428571429
 10
734.1671428571428
 20
-632.2457142857143
 10
737.4028571428572
 20
-630.2542857142857
 10
740.6385714285715
 20
-628.2628571428571
 10
743.8742857142857
 20
-626.2714285714286
 10
747.11
 20
-624.28
 10
750.6458823529412
 20
-622.5376470588235
 10
754.1817647058824
 20
-620.795294117647
 10
757.7176470588236
 20
-619.0529411764705
 10
761.2535294117647
 20
-617.3105882352941
 10
764.7894117647058
 20
-615.5682352941176
 10
768.3252941176471
 20
-613.8258823529411
 10
771.8611764705882
 20
-612.0835294117646
 10
775.3970588235294
 20
-610.3411764705882
 10
778.9329411764706
 20
-608.5988235294118
 10
782.4688235294118
 20
-606.8564705882353
 10
786.0047058823529
 20
-605.1141176470588
 10
789.5405882352942
 20
-603.3717647058824
 10
793.0764705882353
 20
-601.6294117647059
 10
796.6123529411765
 20
-599.8870588235294
 10
800.1482352941176
 20
-598.1447058823529
 10
803.6841176470589
 20
-596.4023529411764
 10
807.22
 20
-594.66
 10
810.05125
 20
-592.59125
 10
812.8825
 20
-590.5225
 10
815.71375
 20
-588.45375
 10
818.5450000000001
 20
-586.385
 10
821.37625
 20
-584.31625
 10
824.2075
 20
-582.2475
 10
827.03875
 20
-580.17875
 10
829.87
 20
-578.11
 10
832.5811111111111
 20
-575.2055555555555
 10
835.2922222222222
 20
-572.3011111111111
 10
838.0033333333333
 20
-569.3966666666666
 10
840.7144444444444
 20
-566.4922222222223
 10
843.4255555555555
 20
-563.5877777777778
 10
846.1366666666667
 20
-560.6833333333334
 10
848.8477777777778
 20
-557.7788888888889
 10
851.5588888888889
 20
-554.8744444444445
 10
854.27
 20
-551.97
 10
857.75
 20
-551.97
  0
LWPOLYLINE
  5
93
330
17
100
AcDbEntity
  8
0
100
AcDbPolyline
 90
216
 70
1
 10
128.57
 20
-477.92
 10
128.396
 20
-481.58000000000004
 10
128.222
 20
-485.24
 10
128.048
 20
-488.90000000000003
 10
127.874
 20
-492.56
 10
127.7
 20
-496.22
 10
128.07285714285715
 20
-499.70428571428573
 10
128.4457142857143
 20
-503.18857142857144
 10
128.81857142857143
 20
-506.67285714285714
 10
129.19142857142856
 20
-510.1571428571429
 10
129.56428571428572
 20
-513.6414285714286
 10
129.93714285714287
 20
-517.1257142857143
 10
130.31
 20
-520.61
 10
131.24846153846153
 20
-524.4300000000001
 10
132.18692307692308
 20
-528.25
 10
133.1253846153846
 20
-532.07
 10
134.06384615384616
 20
-535.89
 10
135.00230769230768
 20
-539.71
 10
135.94076923076923
 20
-543.53
 10
136.87923076923076
 20
-547.35
 10
137.8176923076923
 20
-551.17
 10
138.75615384615384
 20
-554.99
 10
139.6946153846154
 20
-558.81
 10
140.6330769230769
 20
-562.63
 10
141.57153846153847
 20
-566.45
 10
142.51
 20
-570.27
 10
144.17916666666665
 20
-573.7541666666666
 10
145.84833333333333
 20
-577.2383333333333
 10
147.51749999999998
 20
-580.7225
 10
149.18666666666667
 20
-584.2066666666667
 10
150.85583333333332
 20
-587.6908333333333
 10
152.52499999999998
 20
-591.175
 10
154.19416666666666
 20
-594.6591666666667
 10
155.86333333333332
 20
-598.1433333333333
 10
157.5325
 20
-601.6275
 10
159.20166666666665
 20
-605.1116666666667
 10
160.87083333333334
 20
-608.5958333333334
 10
162.54
 20
-612.08
 10
165.05666666666667
 20
-615.1777777777778
 10
167.57333333333332
 20
-618.2755555555556
 10
170.09
 20
-621.3733333333333
 10
172.60666666666665
 20
-624.4711111111111
 10
175.12333333333333
 20
-627.568888888889
 10
177.64
 20
-630.6666666666667
 10
180.15666666666667
 20
-633.7644444444445
 10
182.67333333333332
 20
-636.8622222222223
 10
185.19
 20
-639.96
 10
188.24
 20
-642.2475000000001
 10
191.29
 20
-644.5350000000001
 10
194.34
 20
-646.8225
 10
197.39
 20
-649.11
 10
200.44
 20
-651.3975
 10
203.49
 20
-653.685
 10
206.54
 20
-655.9725
 10
209.59
 20
-658.26
 10
212.95000000000002
 20
-659.7528571428571
 10
216.31
 20
-661.2457142857143
 10
219.67000000000002
 20
-662.7385714285714
 10
223.03
 20
-664.2314285714286
 10
226.39000000000001
 20
-665.7242857142858
 10
229.75
 20
-667.2171428571429
 10
233.11
 20
-668.71
 10
236.83666666666667
 20
-669.4844444444445
 10
240.56333333333333
 20
-670.2588888888889
 10
244.29000000000002
 20
-671.0333333333333
 10
248.01666666666668
 20
-671.8077777777778
 10
251.74333333333334
 20
-672.5822222222223
 10
255.47
 20
-673.3566666666667
 10
259.19666666666666
 20
-674.1311111111111
 10
262.92333333333335
 20
-674.9055555555556
 10
266.65
 20
-675.6800000000001
 10
270.37666666666667
 20
-676.4544444444444
 10
274.10333333333335
 20
-677.2288888888888
 10
277.83
 20
-678.0033333333333
 10
281.5566666666667
 20
-678.7777777777778
 10
285.28333333333336
 20
-679.5522222222222
 10
289.01
 20
-680.3266666666666
 10
292.7366666666667
 20
-681.1011111111111
 10
296.4633333333333
 20
-681.8755555555556
 10
300.19
 20
-682.65
 10
303.78375
 20
-683.95625
 10
307.3775
 20
-685.2625
 10
310.97125
 20
-686.56875
 10
314.565
 20
-687.875
 10
318.15875
 20
-689.18125
 10
321.7525
 20
-690.4875
 10
325.34625
 20
-691.79375
 10
328.94
 20
-693.1
 10
332.3
 20
-694.9671428571429
 10
335.65999999999997
 20
-696.8342857142857
 10
339.02
 20
-698.7014285714286
 10
342.38
 20
-700.5685714285714
 10
345.74
 20
-702.4357142857143
 10
349.09999999999997
 20
-704.3028571428571
 10
352.46
 20
-706.17
 10
355.65444444444444
 20
-708.3966666666666
 10
358.8488888888889
 20
-710.6233333333333
 10
362.0433333333333
 20
-712.85
 10
365.23777777777775
 20
-715.0766666666667
 10
368.4322222222222
 20
-717.3033333333333
 10
371.62666666666667
 20
-719.53
 10
374.82111111111107
 20
-721.7566666666667
 10
378.0155555555555
 20
-723.9833333333333
 10
381.21
 20
-726.21
 10
384.405
 20
-727.6616666666666
 10
387.59999999999997
 20
-729.1133333333333
 10
390.79499999999996
 20
-730.565
 10
393.99
 20
-732.0166666666667
 10
397.185
 20
-733.4683333333332
 10
400.38
 20
-734.92
 10
403.865
 20
-735.355
 10
407.35
 20
-735.79
 10
404.38800000000003
 20
-733.874
 10
401.42600000000004
 20
-731.958
 10
398.464
 20
-730.042
 10
395.502
 20
-728.126
 10
392.54
 20
-726.21
 10
390.0716666666667
 20
-723.7416666666667
 10
387.60333333333335
 20
-721.2733333333333
 10
385.135
 20
-718.8050000000001
 10
382.6666666666667
 20
-716.3366666666667
 10
380.1983333333334
 20
-713.8683333333333
 10
377.73
 20
-711.4
 10
375.73857142857145
 20
-708.5371428571428
 10
373.7471428571429
 20
-705.6742857142857
 10
371.7557142857143
 20
-702.8114285714286
 10
369.76428571428573
 20
-699.9485714285714
 10
367.77285714285716
 20
-697.0857142857143
 10
365.7814285714286
 20
-694.2228571428572
 10
363.79
 20
-691.36
 10
361.93875
 20
-688.093125
 10
360.08750000000003
 20
-684.8262500000001
 10
358.23625000000004
 20
-681.559375
 10
356.385
 20
-678.2925
 10
354.53375
 20
-675.025625
 10
352.6825
 20
-671.75875
 10
350.83125
 20
-668.491875
 10
348.98
 20
-665.225
 10
347.12875
 20
-661.958125
 10
345.27750000000003
 20
-658.6912500000001
 10
343.42625000000004
 20
-655.424375
 10
341.57500000000005
 20
-652.1575
 10
339.72375
 20
-648.890625
 10
337.8725
 20
-645.62375
 10
336.02125
 20
-642.3568750000001
 10
334.17
 20
-639.09
 10
332.1
 20
-636.2587500000001
 10
330.03000000000003
 20
-633.4275
 10
327.96000000000004
 20
-630.59625
 10
325.89
 20
-627.7650000000001
 10
323.82
 20
-624.93375
 10
321.75
 20
-622.1025000000001
 10
319.68
 20
-619.27125
 10
317.61
 20
-616.44
 10
315.21500000000003
 20
-613.8262500000001
 10
312.82
 20
-611.2125000000001
 10
310.425
 20
-608.59875
 10
308.03
 20
-605.985
 10
305.635
 20
-603.37125
 10
303.24
 20
-600.7574999999999
 10
300.84499999999997
 20
-598.14375
 10
298.45
 20
-595.53
 10
295.4733333333333
 20
-593.2791666666667
 10
292.49666666666667
 20
-591.0283333333333
 10
289.52
 20
-588.7774999999999
 10
286.54333333333335
 20
-586.5266666666666
 10
283.56666666666666
 20
-584.2758333333334
 10
280.59000000000003
 20
-582.025
 10
277.61333333333334
 20
-579.7741666666666
 10
274.63666666666666
 20
-577.5233333333333
 10
271.66
 20
-575.2725
 10
268.68333333333334
 20
-573.0216666666666
 10
265.7066666666667
 20
-570.7708333333333
 10
262.73
 20
-568.52
 10
259.3123076923077
 20
-566.7107692307692
 10
255.8946153846154
 20
-564.9015384615384
 10
252.4769230769231
 20
-563.0923076923077
 10
249.0592307692308
 20
-561.2830769230769
 10
245.6415384615385
 20
-559.4738461538461
 10
242.22384615384618
 20
-557.6646153846153
 10
238.80615384615385
 20
-555.8553846153847
 10
235.38846153846154
 20
-554.0461538461539
 10
231.97076923076924
 20
-552.2369230769231
 10
228.55307692307693
 20
-550.4276923076923
 10
225.13538461538462
 20
-548.6184615384616
 10
221.71769230769232
 20
-546.8092307692308
 10
218.3
 20
-545.0
 10
214.8823076923077
 20
-543.1907692307692
 10
211.4646153846154
 20
-541.3815384615384
 10
208.0469230769231
 20
-539.5723076923077
 10
204.6292307692308
 20
-537.7630769230769
 10
201.21153846153848
 20
-535.9538461538461
 10
197.79384615384618
 20
-534.1446153846153
 10
194.37615384615384
 20
-532.3353846153847
 10
190.95846153846156
 20
-530.5261538461539
 10
187.54076923076923
 20
-528.7169230769231
 10
184.12307692307695
 20
-526.9076923076923
 10
180.70538461538462
 20
-525.0984615384616
 10
177.2876923076923
 20
-523.2892307692308
 10
173.87
 20
-521.48
 10
170.734
 20
-519.04
 10
167.598
 20
-516.6
 10
164.462
 20
-514.16
 10
161.326
 20
-511.71999999999997
 10
158.19
 20
-509.28
 10
155.49727272727273
 20
-506.42909090909086
 10
152.80454545454546
 20
-503.5781818181818
 10
150.1118181818182
 20
-500.7272727272727
 10
147.4190909090909
 20
-497.87636363636364
 10
144.72636363636363
 20
-495.0254545454545
 10
142.03363636363636
 20
-492.17454545454547
 10
139.3409090909091
 20
-489.32363636363635
 10
136.6481818181818
 20
-486.4727272727273
 10
133.95545454545453
 20
-483.6218181818182
 10
131.26272727272726
 20
-480.77090909090913
 10
128.57
 20
-477.92
  0
LWPOLYLINE
  5
94
330
17
100
AcDbEntity
  8
0
100
AcDbPolyline
 90
120
 70
1
 10
165.16
 20
-551.97
 10
166.9
 20
-550.23
 10
169.601
 20
-553.105
 10
172.302
 20
-555.98
 10
175.00300000000001
 20
-558.855
 10
177.704
 20
-561.73
 10
180.405
 20
-564.605
 10
183.106
 20
-567.48
 10
185.807
 20
-570.355
 10
188.508
 20
-573.23
 10
191.209
 20
-576.105
 10
193.91
 20
-578.98
 10
196.81333333333333
 20
-581.1583333333333
 10
199.71666666666667
 20
-583.3366666666667
 10
202.62
 20
-585.515
 10
205.52333333333334
 20
-587.6933333333333
 10
208.42666666666668
 20
-589.8716666666667
 10
211.33
 20
-592.05
 10
214.23333333333335
 20
-593.7916666666666
 10
217.13666666666668
 20
-595.5333333333333
 10
220.04000000000002
 20
-597.275
 10
222.94333333333333
 20
-599.0166666666667
 10
225.84666666666666
 20
-600.7583333333333
 10
228.75
 20
-602.5
 10
232.17285714285714
 20
-604.1178571428571
 10
235.59571428571428
 20
-605.7357142857143
 10
239.01857142857142
 20
-607.3535714285714
 10
242.4414285714286
 20
-608.9714285714285
 10
245.86428571428573
 20
-610.5892857142857
 10
249.28714285714287
 20
-612.2071428571428
 10
252.71
 20
-613.825
 10
256.1328571428572
 20
-615.4428571428572
 10
259.5557142857143
 20
-617.0607142857143
 10
262.97857142857146
 20
-618.6785714285714
 10
266.4014285714286
 20
-620.2964285714286
 10
269.82428571428574
 20
-621.9142857142857
 10
273.2471428571429
 20
-623.5321428571428
 10
276.67
 20
-625.15
 10
279.67111111111114
 20
-627.0866666666667
 10
282.6722222222222
 20
-629.0233333333333
 10
285.67333333333335
 20
-630.96
 10
288.6744444444445
 20
-632.8966666666666
 10
291.67555555555555
 20
-634.8333333333334
 10
294.6766666666667
 20
-636.77
 10
297.6777777777778
 20
-638.7066666666667
 10
300.6788888888889
 20
-640.6433333333333
 10
303.68
 20
-642.58
 10
306.5108333333333
 20
-645.3383333333334
 10
309.3416666666667
 20
-648.0966666666667
 10
312.1725
 20
-650.855
 10
315.00333333333333
 20
-653.6133333333333
 10
317.83416666666665
 20
-656.3716666666667
 10
320.66499999999996
 20
-659.13
 10
323.49583333333334
 20
-661.8883333333333
 10
326.32666666666665
 20
-664.6466666666666
 10
329.15749999999997
 20
-667.405
 10
331.98833333333334
 20
-670.1633333333333
 10
334.81916666666666
 20
-672.9216666666666
 10
337.65
 20
-675.68
 10
338.52
 20
-678.73
 10
339.39
 20
-681.78
 10
336.65285714285716
 20
-679.4157142857142
 10
333.9157142857143
 20
-677.0514285714286
 10
331.17857142857144
 20
-674.6871428571428
 10
328.44142857142856
 20
-672.3228571428572
 10
325.70428571428573
 20
-669.9585714285714
 10
322.96714285714285
 20
-667.5942857142858
 10
320.23
 20
-665.23
 10
317.29
 20
-663.27
 10
314.35
 20
-661.31
 10
311.41
 20
-659.35
 10
308.47
 20
-657.39
 10
305.53
 20
-655.43
 10
302.59
 20
-653.47
 10
299.65
 20
-651.51
 10
296.71
 20
-649.55
 10
293.22499999999997
 20
-647.9706249999999
 10
289.74
 20
-646.3912499999999
 10
286.255
 20
-644.811875
 10
282.77
 20
-643.2325
 10
279.28499999999997
 20
-641.6531249999999
 10
275.79999999999995
 20
-640.07375
 10
272.315
 20
-638.494375
 10
268.83
 20
-636.915
 10
265.34499999999997
 20
-635.3356249999999
 10
261.86
 20
-633.7562499999999
 10
258.375
 20
-632.176875
 10
254.89
 20
-630.5975
 10
251.40499999999997
 20
-629.0181249999999
 10
247.92
 20
-627.43875
 10
244.435
 20
-625.859375
 10
240.95
 20
-624.28
 10
237.6825
 20
-622.42875
 10
234.415
 20
-620.5775
 10
231.14749999999998
 20
-618.7262499999999
 10
227.88
 20
-616.875
 10
224.6125
 20
-615.0237500000001
 10
221.345
 20
-613.1725
 10
218.0775
 20
-611.32125
 10
214.81
 20
-609.47
 10
211.76166666666666
 20
-607.0016666666667
 10
208.71333333333334
 20
-604.5333333333333
 10
205.66500000000002
 20
-602.065
 10
202.61666666666667
 20
-599.5966666666667
 10
199.56833333333333
 20
-597.1283333333333
 10
196.52
 20
-594.66
 10
193.906
 20
-591.872
 10
191.292
 20
-589.084
 10
188.678
 20
-586.296
 10
186.064
 20
-583.508
 10
183.45
 20
-580.72
 10
181.41777777777776
 20
-577.5255555555556
 10
179.38555555555556
 20
-574.3311111111111
 10
177.35333333333332
 20
-571.1366666666667
 10
175.3211111111111
 20
-567.9422222222222
 10
173.2888888888889
 20
-564.7477777777779
 10
171.25666666666666
 20
-561.5533333333334
 10
169.22444444444443
 20
-558.3588888888889
 10
167.19222222222223
 20
-555.1644444444445
 10
165.16
 20
-551.97
  0
LWPOLYLINE
  5
95
330
17
100
AcDbEntity
  8
0
100
AcDbPolyline
 90
46
 70
1
 10
511.02
 20
-344.63
 10
507.96999999999997
 20
-346.6633333333333
 10
504.92
 20
-348.69666666666666
 10
501.87
 20
-350.73
 10
498.82
 20
-352.7633333333333
 10
495.77000000000004
 20
-354.7966666666666
 10
492.72
 20
-356.83
 10
492.72
 20
-360.6775
 10
492.72
 20
-364.525
 10
492.72
 20
-368.3725
 10
492.72
 20
-372.21999999999997
 10
492.72
 20
-376.0675
 10
492.72
 20
-379.91499999999996
 10
492.72
 20
-383.7625
 10
492.72
 20
-387.61
 10
492.72
 20
-391.4575
 10
492.72
 20
-395.305
 10
492.72
 20
-399.1525
 10
492.72
 20
-403.0
 10
496.59222222222223
 20
-403.0
 10
500.4644444444445
 20
-403.0
 10
504.3366666666667
 20
-403.0
 10
508.2088888888889
 20
-403.0
 10
512.0811111111111
 20
-403.0
 10
515.9533333333334
 20
-403.0
 10
519.8255555555556
 20
-403.0
 10
523.6977777777778
 20
-403.0
 10
527.57
 20
-403.0
 10
527.57
 20
-399.1525
 10
527.57
 20
-395.305
 10
527.57
 20
-391.4575
 10
527.57
 20
-387.61
 10
527.57
 20
-383.7625
 10
527.57
 20
-379.91499999999996
 10
527.57
 20
-376.0675
 10
527.57
 20
-372.21999999999997
 10
527.57
 20
-368.3725
 10
527.57
 20
-364.525
 10
527.57
 20
-360.6775
 10
527.57
 20
-356.83
 10
524.8116666666667
 20
-354.7966666666666
 10
522.0533333333334
 20
-352.7633333333333
 10
519.2950000000001
 20
-350.73
 10
516.5366666666666
 20
-348.69666666666666
 10
513.7783333333333
 20
-346.6633333333333
 10
511.02
 20
-344.63
  0
LWPOLYLINE
  5
96
330
17
100
AcDbEntity
  8
0
100
AcDbPolyline
 90
551
 70
1
 10
434.35
 20
-295.84
 10
434.5675
 20
-298.89
 10
434.785
 20
-301.94
 10
435.00250000000005
 20
-304.99
 10
435.22
 20
-308.04
 10
437.834
 20
-310.30600000000004
 10
440.44800000000004
 20
-312.572
 10
443.062
 20
-314.838
 10
445.67600000000004
 20
-317.104
 10
448.29
 20
-319.37
 10
447.942
 20
-323.1446666666667
 10
447.594
 20
-326.9193333333333
 10
447.24600000000004
 20
-330.694
 10
446.898
 20
-334.46866666666665
 10
446.55
 20
-338.24333333333334
 10
446.202
 20
-342.01800000000003
 10
445.854
 20
-345.79266666666666
 10
445.50600000000003
 20
-349.56733333333335
 10
445.158
 20
-353.342
 10
444.81
 20
-357.1166666666667
 10
444.462
 20
-360.89133333333336
 10
444.114
 20
-364.666
 10
443.766
 20
-368.4406666666667
 10
443.418
 20
-372.2153333333333
 10
443.07
 20
-375.99
 10
440.97629032258067
 20
-379.3904838709677
 10
438.8825806451613
 20
-382.7909677419355
 10
436.7888709677419
 20
-386.1914516129032
 10
434.6951612903226
 20
-389.591935483871
 10
432.60145161290325
 20
-392.9924193548387
 10
430.50774193548386
 20
-396.39290322580644
 10
428.4140322580645
 20
-399.7933870967742
 10
426.32032258064515
 20
-403.19387096774193
 10
424.2266129032258
 20
-406.5943548387097
 10
422.13290322580644
 20
-409.9948387096774
 10
420.03919354838706
 20
-413.3953225806452
 10
417.94548387096773
 20
-416.7958064516129
 10
415.8517741935484
 20
-420.1962903225807
 10
413.758064516129
 20
-423.5967741935484
 10
411.66435483870964
 20
-426.99725806451613
 10
409.5706451612903
 20
-430.3977419354839
 10
407.476935483871
 20
-433.7982258064516
 10
405.3832258064516
 20
-437.1987096774194
 10
403.2895161290322
 20
-440.5991935483871
 10
401.1958064516129
 20
-443.99967741935484
 10
399.10209677419357
 20
-447.4001612903226
 10
397.0083870967742
 20
-450.80064516129033
 10
394.9146774193548
 20
-454.2011290322581
 10
392.8209677419355
 20
-457.6016129032258
 10
390.72725806451615
 20
-461.00209677419355
 10
388.63354838709677
 20
-464.4025806451613
 10
386.5398387096774
 20
-467.80306451612904
 10
384.44612903225806
 20
-471.2035483870968
 10
382.35241935483873
 20
-474.60403225806454
 10
380.25870967741935
 20
-478.0045161290323
 10
378.16499999999996
 20
-481.40500000000003
 10
376.07129032258064
 20
-484.80548387096775
 10
373.9775806451613
 20
-488.2059677419355
 10
371.8838709677419
 20
-491.60645161290324
 10
369.79016129032254
 20
-495.006935483871
 10
367.6964516129032
 20
-498.40741935483874
 10
365.6027419354839
 20
-501.8079032258065
 10
363.5090322580645
 20
-505.20838709677423
 10
361.4153225806451
 20
-508.60887096774195
 10
359.3216129032258
 20
-512.0093548387097
 10
357.2279032258065
 20
-515.4098387096774
 10
355.1341935483871
 20
-518.8103225806452
 10
353.0404838709677
 20
-522.2108064516129
 10
350.9467741935484
 20
-525.6112903225807
 10
348.85306451612905
 20
-529.0117741935485
 10
346.75935483870967
 20
-532.4122580645162
 10
344.6656451612903
 20
-535.8127419354839
 10
342.57193548387096
 20
-539.2132258064516
 10
340.47822580645163
 20
-542.6137096774194
 10
338.38451612903225
 20
-546.0141935483871
 10
336.29080645161287
 20
-549.4146774193549
 10
334.19709677419354
 20
-552.8151612903226
 10
332.1033870967742
 20
-556.2156451612904
 10
330.00967741935483
 20
-559.6161290322581
 10
327.91596774193545
 20
-563.0166129032259
 10
325.8222580645161
 20
-566.4170967741936
 10
323.7285483870968
 20
-569.8175806451613
 10
321.6348387096774
 20
-573.2180645161291
 10
319.541129032258
 20
-576.6185483870968
 10
317.4474193548387
 20
-580.0190322580646
 10
315.3537096774194
 20
-583.4195161290323
 10
313.26
 20
-586.82
 10
315.7154545454545
 20
-589.75
 10
318.1709090909091
 20
-592.6800000000001
 10
320.62636363636364
 20
-595.61
 10
323.08181818181816
 20
-598.54
 10
325.5372727272727
 20
-601.47
 10
327.9927272727273
 20
-604.4
 10
330.4481818181818
 20
-607.33
 10
332.90363636363634
 20
-610.26
 10
335.3590909090909
 20
-613.1899999999999
 10
337.81454545454545
 20
-616.12
 10
340.27
 20
-619.05
 10
342.01142857142855
 20
-616.0642857142857
 10
343.7528571428571
 20
-613.0785714285714
 10
345.4942857142857
 20
-610.0928571428572
 10
347.23571428571427
 20
-607.1071428571428
 10
348.97714285714284
 20
-604.1214285714285
 10
350.7185714285714
 20
-601.1357142857142
 10
352.46
 20
-598.15
 10
356.4570588235294
 20
-598.15
 10
360.4541176470588
 20
-598.15
 10
364.4511764705882
 20
-598.15
 10
368.44823529411764
 20
-598.15
 10
372.44529411764705
 20
-598.15
 10
376.44235294117647
 20
-598.15
 10
380.4394117647059
 20
-598.15
 10
384.4364705882353
 20
-598.15
 10
388.4335294117647
 20
-598.15
 10
392.4305882352941
 20
-598.15
 10
396.42764705882354
 20
-598.15
 10
400.42470588235295
 20
-598.15
 10
404.42176470588237
 20
-598.15
 10
408.4188235294118
 20
-598.15
 10
412.4158823529412
 20
-598.15
 10
416.4129411764706
 20
-598.15
 10
420.41
 20
-598.15
 10
420.09318181818185
 20
-602.0304545454545
 10
419.77636363636367
 20
-605.9109090909091
 10
419.4595454545455
 20
-609.7913636363636
 10
419.1427272727273
 20
-613.6718181818181
 10
418.82590909090914
 20
-617.5522727272727
 10
418.5090909090909
 20
-621.4327272727272
 10
418.1922727272727
 20
-625.3131818181818
 10
417.87545454545455
 20
-629.1936363636363
 10
417.55863636363637
 20
-633.0740909090908
 10
417.2418181818182
 20
-636.9545454545454
 10
416.925
 20
-640.835
 10
416.60818181818183
 20
-644.7154545454546
 10
416.29136363636366
 20
-648.5959090909091
 10
415.9745454545455
 20
-652.4763636363637
 10
415.6577272727273
 20
-656.3568181818182
 10
415.3409090909091
 20
-660.2372727272727
 10
415.0240909090909
 20
-664.1177272727273
 10
414.7072727272727
 20
-667.9981818181818
 10
414.39045454545453
 20
-671.8786363636364
 10
414.07363636363635
 20
-675.7590909090909
 10
413.7568181818182
 20
-679.6395454545454
 10
413.44
 20
-683.52
 10
417.3616666666667
 20
-683.375
 10
421.28333333333336
 20
-683.23
 10
425.20500000000004
 20
-683.085
 10
429.12666666666667
 20
-682.9399999999999
 10
433.04833333333335
 20
-682.795
 10
436.97
 20
-682.65
 10
437.2603174603175
 20
-678.7226984126984
 10
437.55063492063493
 20
-674.7953968253968
 10
437.8409523809524
 20
-670.8680952380952
 10
438.13126984126984
 20
-666.9407936507936
 10
438.42158730158735
 20
-663.0134920634921
 10
438.7119047619048
 20
-659.0861904761905
 10
439.00222222222226
 20
-655.1588888888889
 10
439.2925396825397
 20
-651.2315873015873
 10
439.58285714285716
 20
-647.3042857142857
 10
439.8731746031746
 20
-643.3769841269841
 10
440.1634920634921
 20
-639.4496825396825
 10
440.4538095238095
 20
-635.5223809523809
 10
440.744126984127
 20
-631.5950793650793
 10
441.0344444444445
 20
-627.6677777777778
 10
441.32476190476194
 20
-623.7404761904762
 10
441.6150793650794
 20
-619.8131746031746
 10
441.90539682539685
 20
-615.885873015873
 10
442.1957142857143
 20
-611.9585714285714
 10
442.48603174603176
 20
-608.0312698412698
 10
442.7763492063492
 20
-604.1039682539682
 10
443.06666666666666
 20
-600.1766666666666
 10
443.3569841269841
 20
-596.2493650793651
 10
443.6473015873016
 20
-592.3220634920635
 10
443.9376190476191
 20
-588.3947619047619
 10
444.22793650793653
 20
-584.4674603174603
 10
444.518253968254
 20
-580.5401587301587
 10
444.80857142857144
 20
-576.6128571428571
 10
445.0988888888889
 20
-572.6855555555555
 10
445.38920634920635
 20
-568.7582539682539
 10
445.6795238095238
 20
-564.8309523809523
 10
445.96984126984125
 20
-560.9036507936507
 10
446.26015873015876
 20
-556.9763492063493
 10
446.5504761904762
 20
-553.0490476190475
 10
446.84079365079367
 20
-549.121746031746
 10
447.1311111111111
 20
-545.1944444444445
 10
447.4214285714286
 20
-541.2671428571429
 10
447.71174603174603
 20
-537.3398412698413
 10
448.0020634920635
 20
-533.4125396825397
 10
448.29238095238094
 20
-529.4852380952381
 10
448.5826984126984
 20
-525.5579365079366
 10
448.8730158730159
 20
-521.630634920635
 10
449.16333333333336
 20
-517.7033333333334
 10
449.4536507936508
 20
-513.7760317460318
 10
449.74396825396826
 20
-509.8487301587302
 10
450.0342857142857
 20
-505.9214285714286
 10
450.32460317460317
 20
-501.994126984127
 10
450.6149206349206
 20
-498.0668253968254
 10
450.9052380952381
 20
-494.13952380952384
 10
451.19555555555553
 20
-490.21222222222224
 10
451.48587301587304
 20
-486.2849206349207
 10
451.7761904761905
 20
-482.3576190476191
 10
452.06650793650795
 20
-478.4303174603175
 10
452.3568253968254
 20
-474.5030158730159
 10
452.64714285714285
 20
-470.5757142857143
 10
452.9374603174603
 20
-466.6484126984127
 10
453.22777777777776
 20
-462.7211111111111
 10
453.5180952380952
 20
-458.7938095238095
 10
453.80841269841267
 20
-454.86650793650796
 10
454.0987301587302
 20
-450.93920634920636
 10
454.38904761904763
 20
-447.0119047619048
 10
454.6793650793651
 20
-443.0846031746032
 10
454.96968253968254
 20
-439.1573015873016
 10
455.26
 20
-435.23
 10
455.60866666666664
 20
-431.368
 10
455.95733333333334
 20
-427.50600000000003
 10
456.306
 20
-423.644
 10
456.6546666666667
 20
-419.78200000000004
 10
457.00333333333333
 20
-415.92
 10
457.352
 20
-412.058
 10
457.7006666666667
 20
-408.196
 10
458.0493333333333
 20
-404.334
 10
458.398
 20
-400.47200000000004
 10
458.74666666666667
 20
-396.61
 10
459.0953333333333
 20
-392.74800000000005
 10
459.444
 20
-388.886
 10
459.79266666666666
 20
-385.024
 10
460.14133333333336
 20
-381.16200000000003
 10
460.49
 20
-377.3
 10
460.83866666666665
 20
-373.438
 10
461.18733333333336
 20
-369.576
 10
461.536
 20
-365.714
 10
461.8846666666667
 20
-361.85200000000003
 10
462.23333333333335
 20
-357.99
 10
462.582
 20
-354.12800000000004
 10
462.9306666666667
 20
-350.266
 10
463.27933333333334
 20
-346.404
 10
463.62800000000004
 20
-342.54200000000003
 10
463.9766666666667
 20
-338.68
 10
464.32533333333333
 20
-334.818
 10
464.67400000000004
 20
-330.956
 10
465.0226666666667
 20
-327.094
 10
465.3713333333334
 20
-323.23199999999997
 10
465.72
 20
-319.37
 10
469.3285714285715
 20
-318.87142857142857
 10
472.9371428571429
 20
-318.37285714285713
 10
476.5457142857143
 20
-317.8742857142857
 10
480.1542857142857
 20
-317.3757142857143
 10
483.7628571428572
 20
-316.87714285714287
 10
487.37142857142857
 20
-316.37857142857143
 10
490.98
 20
-315.88
 10
494.813
 20
-315.88
 10
498.646
 20
-315.88
 10
502.479
 20
-315.88
 10
506.312
 20
-315.88
 10
510.145
 20
-315.88
 10
513.978
 20
-315.88
 10
517.8109999999999
 20
-315.88
 10
521.644
 20
-315.88
 10
525.477
 20
-315.88
 10
529.31
 20
-315.88
 10
532.92
 20
-316.37857142857143
 10
536.53
 20
-316.87714285714287
 10
540.14
 20
-317.3757142857143
 10
543.75
 20
-317.8742857142857
 10
547.36
 20
-318.37285714285713
 10
550.97
 20
-318.87142857142857
 10
554.58
 20
-319.37
 10
556.32
 20
-321.11
 10
556.6437142857143
 20
-325.0677142857143
 10
556.9674285714286
 20
-329.02542857142856
 10
557.2911428571429
 20
-332.98314285714287
 10
557.6148571428572
 20
-336.94085714285717
 10
557.9385714285714
 20
-340.8985714285714
 10
558.2622857142858
 20
-344.8562857142857
 10
558.586
 20
-348.814
 10
558.9097142857144
 20
-352.77171428571427
 10
559.2334285714286
 20
-356.72942857142857
 10
559.5571428571429
 20
-360.6871428571429
 10
559.8808571428572
 20
-364.6448571428572
 10
560.2045714285714
 20
-368.6025714285714
 10
560.5282857142857
 20
-372.5602857142857
 10
560.852
 20
-376.51800000000003
 10
561.1757142857143
 20
-380.4757142857143
 10
561.4994285714286
 20
-384.4334285714286
 10
561.8231428571429
 20
-388.3911428571429
 10
562.1468571428571
 20
-392.3488571428571
 10
562.4705714285715
 20
-396.30657142857143
 10
562.7942857142857
 20
-400.26428571428573
 10
563.118
 20
-404.222
 10
563.4417142857143
 20
-408.1797142857143
 10
563.7654285714286
 20
-412.1374285714286
 10
564.0891428571429
 20
-416.09514285714283
 10
564.4128571428571
 20
-420.05285714285714
 10
564.7365714285714
 20
-424.01057142857144
 10
565.0602857142857
 20
-427.9682857142857
 10
565.384
 20
-431.926
 10
565.7077142857142
 20
-435.8837142857143
 10
566.0314285714286
 20
-439.84142857142854
 10
566.3551428571428
 20
-443.79914285714284
 10
566.6788571428572
 20
-447.75685714285714
 10
567.0025714285714
 20
-451.7145714285714
 10
567.3262857142857
 20
-455.67228571428575
 10
567.65
 20
-459.63
 10
567.9403508771929
 20
-463.5578947368421
 10
568.2307017543859
 20
-467.4857894736842
 10
568.521052631579
 20
-471.4136842105263
 10
568.811403508772
 20
-475.3415789473684
 10
569.1017543859649
 20
-479.26947368421054
 10
569.3921052631579
 20
-483.1973684210526
 10
569.6824561403508
 20
-487.1252631578947
 10
569.9728070175438
 20
-491.05315789473684
 10
570.2631578947369
 20
-494.98105263157896
 10
570.5535087719298
 20
-498.908947368421
 10
570.8438596491228
 20
-502.83684210526314
 10
571.1342105263158
 20
-506.76473684210526
 10
571.4245614035087
 20
-510.6926315789474
 10
571.7149122807017
 20
-514.6205263157894
 10
572.0052631578948
 20
-518.5484210526315
 10
572.2956140350877
 20
-522.4763157894737
 10
572.5859649122807
 20
-526.4042105263158
 10
572.8763157894737
 20
-530.3321052631579
 10
573.1666666666666
 20
-534.26
 10
573.4570175438597
 20
-538.187894736842
 10
573.7473684210527
 20
-542.1157894736842
 10
574.0377192982456
 20
-546.0436842105263
 10
574.3280701754386
 20
-549.9715789473684
 10
574.6184210526316
 20
-553.8994736842105
 10
574.9087719298245
 20
-557.8273684210526
 10
575.1991228070176
 20
-561.7552631578947
 10
575.4894736842106
 20
-565.6831578947368
 10
575.7798245614035
 20
-569.6110526315789
 10
576.0701754385965
 20
-573.5389473684211
 10
576.3605263157895
 20
-577.4668421052631
 10
576.6508771929824
 20
-581.3947368421052
 10
576.9412280701755
 20
-585.3226315789474
 10
577.2315789473685
 20
-589.2505263157894
 10
577.5219298245614
 20
-593.1784210526316
 10
577.8122807017544
 20
-597.1063157894737
 10
578.1026315789474
 20
-601.0342105263157
 10
578.3929824561403
 20
-604.9621052631579
 10
578.6833333333334
 20
-608.89
 10
578.9736842105264
 20
-612.8178947368422
 10
579.2640350877193
 20
-616.7457894736842
 10
579.5543859649123
 20
-620.6736842105263
 10
579.8447368421052
 20
-624.6015789473684
 10
580.1350877192983
 20
-628.5294736842105
 10
580.4254385964913
 20
-632.4573684210526
 10
580.7157894736843
 20
-636.3852631578948
 10
581.0061403508772
 20
-640.3131578947368
 10
581.2964912280702
 20
-644.2410526315789
 10
581.5868421052631
 20
-648.168947368421
 10
581.8771929824562
 20
-652.0968421052631
 10
582.1675438596492
 20
-656.0247368421052
 10
582.4578947368421
 20
-659.9526315789474
 10
582.7482456140351
 20
-663.8805263157894
 10
583.0385964912281
 20
-667.8084210526315
 10
583.328947368421
 20
-671.7363157894737
 10
583.6192982456141
 20
-675.6642105263157
 10
583.9096491228071
 20
-679.5921052631579
 10
584.2
 20
-683.52
 10
588.12
 20
-683.52
 10
592.0400000000001
 20
-683.52
 10
595.96
 20
-683.52
 10
599.88
 20
-683.52
 10
603.8000000000001
 20
-683.52
 10
607.72
 20
-683.52
 10
607.3466666666667
 20
-679.6619047619048
 10
606.9733333333334
 20
-675.8038095238095
 10
606.6
 20
-671.9457142857143
 10
606.2266666666667
 20
-668.087619047619
 10
605.8533333333334
 20
-664.2295238095238
 10
605.48
 20
-660.3714285714285
 10
605.1066666666667
 20
-656.5133333333333
 10
604.7333333333333
 20
-652.6552380952381
 10
604.36
 20
-648.7971428571428
 10
603.9866666666667
 20
-644.9390476190476
 10
603.6133333333333
 20
-641.0809523809523
 10
603.24
 20
-637.2228571428572
 10
602.8666666666667
 20
-633.3647619047618
 10
602.4933333333333
 20
-629.5066666666667
 10
602.12
 20
-625.6485714285715
 10
601.7466666666667
 20
-621.7904761904762
 10
601.3733333333333
 20
-617.932380952381
 10
601.0
 20
-614.0742857142857
 10
600.6266666666667
 20
-610.2161904761905
 10
600.2533333333333
 20
-606.3580952380953
 10
599.88
 20
-602.5
 10
600.315
 20
-599.885
 10
600.75
 20
-597.27
 10
604.6958823529412
 20
-597.3217647058823
 10
608.6417647058823
 20
-597.3735294117647
 10
612.5876470588236
 20
-597.425294117647
 10
616.5335294117647
 20
-597.4770588235294
 10
620.4794117647059
 20
-597.5288235294117
 10
624.4252941176471
 20
-597.580588235294
 10
628.3711764705882
 20
-597.6323529411765
 10
632.3170588235295
 20
-597.6841176470588
 10
636.2629411764706
 20
-597.7358823529412
 10
640.2088235294118
 20
-597.7876470588235
 10
644.154705882353
 20
-597.8394117647059
 10
648.1005882352941
 20
-597.8911764705882
 10
652.0464705882354
 20
-597.9429411764705
 10
655.9923529411765
 20
-597.994705882353
 10
659.9382352941177
 20
-598.0464705882353
 10
663.8841176470588
 20
-598.0982352941177
 10
667.83
 20
-598.15
 10
669.8214285714286
 20
-601.1357142857142
 10
671.8128571428572
 20
-604.1214285714285
 10
673.8042857142857
 20
-607.1071428571428
 10
675.7957142857143
 20
-610.0928571428572
 10
677.7871428571428
 20
-613.0785714285714
 10
679.7785714285715
 20
-616.0642857142857
 10
681.77
 20
-619.05
 10
684.1463636363636
 20
-616.1990909090908
 10
686.5227272727273
 20
-613.3481818181818
 10
688.8990909090909
 20
-610.4972727272727
 10
691.2754545454545
 20
-607.6463636363636
 10
693.6518181818182
 20
-604.7954545454545
 10
696.0281818181818
 20
-601.9445454545455
 10
698.4045454545454
 20
-599.0936363636364
 10
700.7809090909091
 20
-596.2427272727273
 10
703.1572727272727
 20
-593.3918181818182
 10
705.5336363636363
 20
-590.5409090909092
 10
707.91
 20
-587.69
 10
705.8495238095238
 20
-584.3296825396826
 10
703.7890476190476
 20
-580.9693650793652
 10
701.7285714285714
 20
-577.6090476190477
 10
699.6680952380952
 20
-574.2487301587303
 10
697.607619047619
 20
-570.8884126984127
 10
695.5471428571428
 20
-567.5280952380953
 10
693.4866666666667
 20
-564.1677777777778
 10
691.4261904761904
 20
-560.8074603174604
 10
689.3657142857143
 20
-557.4471428571429
 10
687.3052380952381
 20
-554.0868253968255
 10
685.2447619047618
 20
-550.726507936508
 10
683.1842857142857
 20
-547.3661904761905
 10
681.1238095238095
 20
-544.005873015873
 10
679.0633333333333
 20
-540.6455555555556
 10
677.0028571428571
 20
-537.2852380952381
 10
674.942380952381
 20
-533.9249206349207
 10
672.8819047619047
 20
-530.5646031746032
 10
670.8214285714286
 20
-527.2042857142858
 10
668.7609523809524
 20
-523.8439682539683
 10
666.7004761904761
 20
-520.4836507936509
 10
664.64
 20
-517.1233333333333
 10
662.5795238095238
 20
-513.7630158730159
 10
660.5190476190476
 20
-510.40269841269844
 10
658.4585714285714
 20
-507.042380952381
 10
656.3980952380953
 20
-503.68206349206355
 10
654.337619047619
 20
-500.3217460317461
 10
652.2771428571428
 20
-496.9614285714286
 10
650.2166666666667
 20
-493.60111111111115
 10
648.1561904761904
 20
-490.2407936507937
 10
646.0957142857143
 20
-486.8804761904762
 10
644.0352380952381
 20
-483.52015873015876
 10
641.9747619047619
 20
-480.1598412698413
 10
639.9142857142857
 20
-476.79952380952386
 10
637.8538095238096
 20
-473.4392063492064
 10
635.7933333333333
 20
-470.0788888888889
 10
633.7328571428571
 20
-466.71857142857147
 10
631.672380952381
 20
-463.35825396825396
 10
629.6119047619047
 20
-459.9979365079365
 10
627.5514285714286
 20
-456.63761904761907
 10
625.4909523809524
 20
-453.2773015873016
 10
623.4304761904762
 20
-449.9169841269842
 10
621.37
 20
-446.55666666666673
 10
619.3095238095239
 20
-443.1963492063492
 10
617.2490476190476
 20
-439.8360317460318
 10
615.1885714285714
 20
-436.4757142857143
 10
613.1280952380953
 20
-433.11539682539683
 10
611.067619047619
 20
-429.7550793650794
 10
609.0071428571429
 20
-426.39476190476194
 10
606.9466666666667
 20
-423.0344444444445
 10
604.8861904761904
 20
-419.67412698412704
 10
602.8257142857143
 20
-416.31380952380954
 10
600.7652380952381
 20
-412.9534920634921
 10
598.7047619047619
 20
-409.5931746031746
 10
596.6442857142857
 20
-406.23285714285714
 10
594.5838095238096
 20
-402.8725396825397
 10
592.5233333333333
 20
-399.51222222222225
 10
590.4628571428572
 20
-396.1519047619048
 10
588.402380952381
 20
-392.79158730158736
 10
586.3419047619047
 20
-389.43126984126985
 10
584.2814285714286
 20
-386.0709523809524
 10
582.2209523809524
 20
-382.7106349206349
 10
580.1604761904762
 20
-379.35031746031746
 10
578.1
 20
-375.99
 10
577.6933333333334
 20
-372.27333333333337
 10
577.2866666666666
 20
-368.5566666666667
 10
576.88
 20
-364.84000000000003
 10
576.4733333333334
 20
-361.12333333333333
 10
576.0666666666667
 20
-357.4066666666667
 10
575.66
 20
-353.69
 10
575.2533333333333
 20
-349.97333333333336
 10
574.8466666666667
 20
-346.25666666666666
 10
574.44
 20
-342.54
 10
574.0333333333333
 20
-338.8233333333333
 10
573.6266666666667
 20
-335.1066666666667
 10
573.22
 20
-331.39
 10
572.8133333333334
 20
-327.67333333333335
 10
572.4066666666666
 20
-323.9566666666667
 10
572.0
 20
-320.24
 10
574.4683333333334
 20
-317.9166666666667
 10
576.9366666666666
 20
-315.59333333333336
 10
579.405
 20
-313.27
 10
581.8733333333333
 20
-310.94666666666666
 10
584.3416666666666
 20
-308.62333333333333
 10
586.81
 20
-306.3
 10
586.81
 20
-302.81333333333333
 10
586.81
 20
-299.32666666666665
 10
586.81
 20
-295.84
 10
583.0142857142856
 20
-295.4042857142857
 10
579.2185714285714
 20
-294.9685714285714
 10
575.4228571428571
 20
-294.5328571428571
 10
571.6271428571428
 20
-294.09714285714284
 10
567.8314285714285
 20
-293.6614285714286
 10
564.0357142857142
 20
-293.2257142857143
 10
560.24
 20
-292.78999999999996
 10
556.4442857142857
 20
-292.3542857142857
 10
552.6485714285714
 20
-291.9185714285714
 10
548.8528571428571
 20
-291.48285714285714
 10
545.0571428571428
 20
-291.04714285714283
 10
541.2614285714285
 20
-290.6114285714286
 10
537.4657142857143
 20
-290.1757142857143
 10
533.67
 20
-289.74
 10
529.7491666666666
 20
-289.74
 10
525.8283333333333
 20
-289.74
 10
521.9075
 20
-289.74
 10
517.9866666666667
 20
-289.74
 10
514.0658333333333
 20
-289.74
 10
510.145
 20
-289.74
 10
506.22416666666663
 20
-289.74
 10
502.30333333333334
 20
-289.74
 10
498.3825
 20
-289.74
 10
494.46166666666664
 20
-289.74
 10
490.54083333333335
 20
-289.74
 10
486.62
 20
-289.74
 10
482.88642857142855
 20
-290.1757142857143
 10
479.15285714285716
 20
-290.6114285714286
 10
475.4192857142857
 20
-291.04714285714283
 10
471.6857142857143
 20
-291.48285714285714
 10
467.95214285714286
 20
-291.91857142857145
 10
464.21857142857147
 20
-292.3542857142857
 10
460.485
 20
-292.78999999999996
 10
456.75142857142856
 20
-293.2257142857143
 10
453.01785714285717
 20
-293.6614285714286
 10
449.2842857142857
 20
-294.09714285714284
 10
445.5507142857143
 20
-294.5328571428571
 10
441.81714285714287
 20
-294.9685714285714
 10
438.0835714285714
 20
-295.4042857142857
 10
434.35
 20
-295.84
  0
LWPOLYLINE
  5
97
330
17
100
AcDbEntity
  8
0
100
AcDbPolyline
 90
72
 70
1
 10
589.42
 20
-473.57
 10
591.5831034482758
 20
-476.8441379310345
 10
593.7462068965517
 20
-480.11827586206897
 10
595.9093103448275
 20
-483.39241379310346
 10
598.0724137931035
 20
-486.66655172413795
 10
600.2355172413793
 20
-489.9406896551724
 10
602.3986206896551
 20
-493.21482758620687
 10
604.561724137931
 20
-496.48896551724135
 10
606.7248275862069
 20
-499.76310344827584
 10
608.8879310344827
 20
-503.03724137931033
 10
611.0510344827586
 20
-506.3113793103448
 10
613.2141379310344
 20
-509.5855172413793
 10
615.3772413793104
 20
-512.8596551724138
 10
617.5403448275862
 20
-516.1337931034483
 10
619.703448275862
 20
-519.4079310344828
 10
621.8665517241379
 20
-522.6820689655173
 10
624.0296551724138
 20
-525.9562068965517
 10
626.1927586206896
 20
-529.2303448275862
 10
628.3558620689655
 20
-532.5044827586207
 10
630.5189655172413
 20
-535.7786206896551
 10
632.6820689655173
 20
-539.0527586206897
 10
634.8451724137931
 20
-542.3268965517241
 10
637.0082758620689
 20
-545.6010344827586
 10
639.1713793103448
 20
-548.875172413793
 10
641.3344827586207
 20
-552.1493103448275
 10
643.4975862068965
 20
-555.423448275862
 10
645.6606896551724
 20
-558.6975862068965
 10
647.8237931034482
 20
-561.971724137931
 10
649.9868965517242
 20
-565.2458620689655
 10
652.15
 20
-568.52
 10
652.15
 20
-570.7
 10
652.15
 20
-572.88
 10
648.23
 20
-572.8178571428572
 10
644.31
 20
-572.7557142857142
 10
640.39
 20
-572.6935714285714
 10
636.47
 20
-572.6314285714286
 10
632.55
 20
-572.5692857142857
 10
628.63
 20
-572.5071428571429
 10
624.71
 20
-572.4449999999999
 10
620.79
 20
-572.3828571428571
 10
616.87
 20
-572.3207142857143
 10
612.9499999999999
 20
-572.2585714285714
 10
609.03
 20
-572.1964285714286
 10
605.11
 20
-572.1342857142857
 10
601.1899999999999
 20
-572.0721428571428
 10
597.27
 20
-572.01
 10
596.8704166666666
 20
-568.1258333333333
 10
596.4708333333333
 20
-564.2416666666667
 10
596.07125
 20
-560.3575
 10
595.6716666666666
 20
-556.4733333333334
 10
595.2720833333333
 20
-552.5891666666666
 10
594.8725
 20
-548.705
 10
594.4729166666666
 20
-544.8208333333333
 10
594.0733333333333
 20
-540.9366666666667
 10
593.6737499999999
 20
-537.0525
 10
593.2741666666666
 20
-533.1683333333333
 10
592.8745833333332
 20
-529.2841666666667
 10
592.4749999999999
 20
-525.4
 10
592.0754166666667
 20
-521.5158333333334
 10
591.6758333333333
 20
-517.6316666666667
 10
591.27625
 20
-513.7475000000001
 10
590.8766666666667
 20
-509.86333333333334
 10
590.4770833333333
 20
-505.9791666666667
 10
590.0775
 20
-502.095
 10
589.6779166666666
 20
-498.21083333333337
 10
589.2783333333333
 20
-494.3266666666667
 10
588.87875
 20
-490.4425
 10
588.4791666666666
 20
-486.55833333333334
 10
588.0795833333333
 20
-482.6741666666667
 10
587.68
 20
-478.79
 10
588.55
 20
-476.18
 10
589.42
 20
-473.57
  0
LWPOLYLINE
  5
98
330
17
100
AcDbEntity
  8
0
100
AcDbPolyline
 90
70
 70
1
 10
432.61
 20
-474.44
 10
432.192
 20
-478.3776
 10
431.774
 20
-482.3152
 10
431.356
 20
-486.2528
 10
430.938
 20
-490.1904
 10
430.52000000000004
 20
-494.128
 10
430.10200000000003
 20
-498.0656
 10
429.684
 20
-502.0032
 10
429.266
 20
-505.9408
 10
428.848
 20
-509.8784
 10
428.43
 20
-513.816
 10
428.012
 20
-517.7536
 10
427.594
 20
-521.6912
 10
427.17600000000004
 20
-525.6288
 10
426.75800000000004
 20
-529.5664
 10
426.34000000000003
 20
-533.504
 10
425.922
 20
-537.4416
 10
425.504
 20
-541.3792
 10
425.086
 20
-545.3168
 10
424.668
 20
-549.2544
 10
424.25
 20
-553.192
 10
423.83200000000005
 20
-557.1296
 10
423.41400000000004
 20
-561.0672
 10
422.99600000000004
 20
-565.0048
 10
422.57800000000003
 20
-568.9424
 10
422.16
 20
-572.88
 10
418.23928571428576
 20
-572.8178571428572
 10
414.31857142857143
 20
-572.7557142857142
 10
410.39785714285716
 20
-572.6935714285714
 10
406.4771428571429
 20
-572.6314285714286
 10
402.55642857142857
 20
-572.5692857142857
 10
398.6357142857143
 20
-572.5071428571429
 10
394.71500000000003
 20
-572.4449999999999
 10
390.7942857142857
 20
-572.3828571428571
 10
386.87357142857144
 20
-572.3207142857143
 10
382.9528571428571
 20
-572.2585714285714
 10
379.03214285714284
 20
-572.1964285714286
 10
375.1114285714286
 20
-572.1342857142857
 10
371.19071428571425
 20
-572.0721428571428
 10
367.27
 20
-572.01
 10
369.43310344827586
 20
-568.6455172413793
 10
371.59620689655173
 20
-565.2810344827586
 10
373.75931034482755
 20
-561.9165517241379
 10
375.92241379310343
 20
-558.5520689655173
 10
378.0855172413793
 20
-555.1875862068965
 10
380.2486206896552
 20
-551.8231034482759
 10
382.411724137931
 20
-548.4586206896552
 10
384.5748275862069
 20
-545.0941379310344
 10
386.73793103448276
 20
-541.7296551724138
 10
388.90103448275863
 20
-538.3651724137931
 10
391.06413793103445
 20
-535.0006896551724
 10
393.2272413793103
 20
-531.6362068965517
 10
395.3903448275862
 20
-528.2717241379311
 10
397.5534482758621
 20
-524.9072413793103
 10
399.7165517241379
 20
-521.5427586206896
 10
401.8796551724138
 20
-518.178275862069
 10
404.04275862068965
 20
-514.8137931034482
 10
406.20586206896553
 20
-511.4493103448276
 10
408.36896551724135
 20
-508.08482758620687
 10
410.5320689655172
 20
-504.7203448275862
 10
412.6951724137931
 20
-501.3558620689655
 10
414.858275862069
 20
-497.9913793103448
 10
417.02137931034486
 20
-494.62689655172414
 10
419.1844827586207
 20
-491.26241379310346
 10
421.34758620689655
 20
-487.8979310344828
 10
423.5106896551724
 20
-484.53344827586204
 10
425.67379310344825
 20
-481.16896551724136
 10
427.8368965517241
 20
-477.8044827586207
 10
430.0
 20
-474.44
 10
432.61
 20
-474.44
  0
LWPOLYLINE
  5
99
330
17
100
AcDbEntity
  8
0
100
AcDbPolyline
 90
194
 70
1
 10
458.75
 20
-200.01
 10
458.75
 20
-203.97
 10
458.75
 20
-207.92999999999998
 10
458.75
 20
-211.89
 10
458.75
 20
-215.85
 10
458.75
 20
-219.81
 10
458.75
 20
-223.76999999999998
 10
458.75
 20
-227.73
 10
458.75
 20
-231.69
 10
458.75
 20
-235.64999999999998
 10
458.75
 20
-239.60999999999999
 10
458.75
 20
-243.57
 10
455.264
 20
-244.79
 10
451.778
 20
-246.01
 10
448.292
 20
-247.23
 10
444.806
 20
-248.45
 10
441.32
 20
-249.67
 10
441.32
 20
-253.58999999999997
 10
441.32
 20
-257.51
 10
441.32
 20
-261.43
 10
441.32
 20
-265.35
 10
441.32
 20
-269.27
 10
441.32
 20
-273.19
 10
441.32
 20
-277.11
 10
441.32
 20
-281.03
 10
441.32
 20
-284.95
 10
441.32
 20
-288.87
 10
445.07307692307694
 20
-288.40153846153845
 10
448.82615384615383
 20
-287.9330769230769
 10
452.5792307692308
 20
-287.4646153846154
 10
456.33230769230767
 20
-286.99615384615385
 10
460.0853846153846
 20
-286.5276923076923
 10
463.83846153846156
 20
-286.05923076923074
 10
467.59153846153845
 20
-285.59076923076924
 10
471.3446153846154
 20
-285.1223076923077
 10
475.09769230769234
 20
-284.65384615384613
 10
478.85076923076923
 20
-284.1853846153846
 10
482.6038461538462
 20
-283.7169230769231
 10
486.35692307692307
 20
-283.2484615384615
 10
490.11
 20
-282.78
 10
493.9909090909091
 20
-282.78
 10
497.8718181818182
 20
-282.78
 10
501.75272727272727
 20
-282.78
 10
505.63363636363636
 20
-282.78
 10
509.51454545454544
 20
-282.78
 10
513.3954545454545
 20
-282.78
 10
517.2763636363636
 20
-282.78
 10
521.1572727272727
 20
-282.78
 10
525.0381818181818
 20
-282.78
 10
528.9190909090909
 20
-282.78
 10
532.8
 20
-282.78
 10
536.7199999999999
 20
-283.28749999999997
 10
540.64
 20
-283.79499999999996
 10
544.56
 20
-284.3025
 10
548.48
 20
-284.81
 10
552.4
 20
-285.3175
 10
556.3199999999999
 20
-285.825
 10
560.24
 20
-286.3325
 10
564.16
 20
-286.84
 10
568.08
 20
-287.34749999999997
 10
572.0
 20
-287.855
 10
575.9200000000001
 20
-288.3625
 10
579.84
 20
-288.87
 10
579.84
 20
-284.95
 10
579.84
 20
-281.03
 10
579.84
 20
-277.11
 10
579.84
 20
-273.19
 10
579.84
 20
-269.27
 10
579.84
 20
-265.35
 10
579.84
 20
-261.43
 10
579.84
 20
-257.51
 10
579.84
 20
-253.58999999999997
 10
579.84
 20
-249.67
 10
576.182
 20
-248.45
 10
572.524
 20
-247.23
 10
568.866
 20
-246.01
 10
565.208
 20
-244.79
 10
561.55
 20
-243.57
 10
561.4775
 20
-239.8675
 10
561.405
 20
-236.165
 10
561.3325
 20
-232.46249999999998
 10
561.26
 20
-228.76
 10
561.1875
 20
-225.0575
 10
561.115
 20
-221.355
 10
561.0424999999999
 20
-217.65249999999997
 10
560.9699999999999
 20
-213.95
 10
560.8974999999999
 20
-210.2475
 10
560.8249999999999
 20
-206.545
 10
560.7524999999999
 20
-202.84249999999997
 10
560.68
 20
-199.14
 10
557.7733333333333
 20
-198.26999999999998
 10
554.8666666666667
 20
-197.4
 10
551.96
 20
-196.53
 10
551.815
 20
-200.3775
 10
551.6700000000001
 20
-204.225
 10
551.5250000000001
 20
-208.0725
 10
551.38
 20
-211.92
 10
551.235
 20
-215.76749999999998
 10
551.09
 20
-219.615
 10
550.945
 20
-223.4625
 10
550.8000000000001
 20
-227.31
 10
550.655
 20
-231.1575
 10
550.51
 20
-235.005
 10
550.365
 20
-238.8525
 10
550.22
 20
-242.7
 10
547.1700000000001
 20
-241.82999999999998
 10
544.12
 20
-240.95999999999998
 10
541.0699999999999
 20
-240.09
 10
538.02
 20
-239.22
 10
537.9475
 20
-235.22666666666666
 10
537.875
 20
-231.23333333333335
 10
537.8025
 20
-227.24
 10
537.73
 20
-223.24666666666667
 10
537.6575
 20
-219.25333333333333
 10
537.585
 20
-215.26
 10
537.5124999999999
 20
-211.26666666666668
 10
537.4399999999999
 20
-207.27333333333334
 10
537.3675
 20
-203.28
 10
537.295
 20
-199.2866666666667
 10
537.2225
 20
-195.29333333333335
 10
537.15
 20
-191.3
 10
534.2466666666667
 20
-190.72
 10
531.3433333333334
 20
-190.14000000000001
 10
528.44
 20
-189.56
 10
528.373076923077
 20
-193.38
 10
528.3061538461538
 20
-197.2
 10
528.2392307692309
 20
-201.02
 10
528.1723076923078
 20
-204.84
 10
528.1053846153847
 20
-208.66
 10
528.0384615384615
 20
-212.48
 10
527.9715384615386
 20
-216.3
 10
527.9046153846155
 20
-220.12
 10
527.8376923076924
 20
-223.94
 10
527.7707692307692
 20
-227.76
 10
527.7038461538463
 20
-231.57999999999998
 10
527.6369230769232
 20
-235.4
 10
527.57
 20
-239.22
 10
523.6011111111112
 20
-239.12222222222223
 10
519.6322222222223
 20
-239.02444444444444
 10
515.6633333333334
 20
-238.92666666666668
 10
511.69444444444446
 20
-238.82888888888888
 10
507.7255555555556
 20
-238.73111111111112
 10
503.7566666666667
 20
-238.63333333333333
 10
499.7877777777778
 20
-238.53555555555556
 10
495.8188888888889
 20
-238.43777777777777
 10
491.85
 20
-238.34
 10
491.85
 20
-234.58769230769232
 10
491.85
 20
-230.8353846153846
 10
491.85
 20
-227.08307692307693
 10
491.85
 20
-223.33076923076922
 10
491.85
 20
-219.57846153846154
 10
491.85
 20
-215.82615384615386
 10
491.85
 20
-212.07384615384615
 10
491.85
 20
-208.32153846153847
 10
491.85
 20
-204.56923076923078
 10
491.85
 20
-200.81692307692308
 10
491.85
 20
-197.0646153846154
 10
491.85
 20
-193.31230769230768
 10
491.85
 20
-189.56
 10
488.6566666666667
 20
-190.43
 10
485.4633333333333
 20
-191.29999999999998
 10
482.27
 20
-192.17
 10
482.2030769230769
 20
-195.9230769230769
 10
482.13615384615383
 20
-199.67615384615382
 10
482.0692307692307
 20
-203.42923076923077
 10
482.0023076923077
 20
-207.1823076923077
 10
481.9353846153846
 20
-210.9353846153846
 10
481.86846153846153
 20
-214.68846153846152
 10
481.8015384615384
 20
-218.44153846153847
 10
481.7346153846154
 20
-222.1946153846154
 10
481.6676923076923
 20
-225.9476923076923
 10
481.60076923076923
 20
-229.70076923076925
 10
481.5338461538461
 20
-233.45384615384614
 10
481.4669230769231
 20
-237.2069230769231
 10
481.4
 20
-240.96
 10
478.1325
 20
-241.1775
 10
474.865
 20
-241.395
 10
471.59749999999997
 20
-241.6125
 10
468.33
 20
-241.83
 10
468.33
 20
-238.055
 10
468.33
 20
-234.28
 10
468.33
 20
-230.505
 10
468.33
 20
-226.73000000000002
 10
468.33
 20
-222.955
 10
468.33
 20
-219.18
 10
468.33
 20
-215.405
 10
468.33
 20
-211.63
 10
468.33
 20
-207.85500000000002
 10
468.33
 20
-204.07999999999998
 10
468.33
 20
-200.305
 10
468.33
 20
-196.53
 10
465.13666666666666
 20
-197.69
 10
461.9433333333333
 20
-198.85
 10
458.75
 20
-200.01
  0
LWPOLYLINE
  5
9A
330
17
100
AcDbEntity
  8
0
100
AcDbPolyline
 90
17
 70
1
 10
566.77
 20
-254.9
 10
570.26
 20
-256.64
 10
570.26
 20
-260.125
 10
570.26
 20
-263.61
 10
570.26
 20
-267.095
 10
570.26
 20
-270.58
 10
570.26
 20
-274.065
 10
570.26
 20
-277.55
 10
568.52
 20
-279.29
 10
566.3399999999999
 20
-278.855
 10
564.16
 20
-278.42
 10
564.595
 20
-274.5
 10
565.03
 20
-270.58000000000004
 10
565.4649999999999
 20
-266.66
 10
565.9
 20
-262.74
 10
566.335
 20
-258.82
 10
566.77
 20
-254.9
  0
LWPOLYLINE
  5
9B
330
17
100
AcDbEntity
  8
0
100
AcDbPolyline
 90
19
 70
1
 10
451.78
 20
-254.9
 10
453.955
 20
-254.9
 10
456.13
 20
-254.9
 10
456.0057142857143
 20
-258.38428571428574
 10
455.88142857142856
 20
-261.86857142857144
 10
455.75714285714287
 20
-265.35285714285715
 10
455.6328571428571
 20
-268.83714285714285
 10
455.50857142857143
 20
-272.3214285714286
 10
455.3842857142857
 20
-275.8057142857143
 10
455.26
 20
-279.29
 10
453.08500000000004
 20
-278.855
 10
450.91
 20
-278.42
 10
450.47
 20
-276.24
 10
450.03
 20
-274.06
 10
450.38
 20
-270.228
 10
450.72999999999996
 20
-266.396
 10
451.08
 20
-262.564
 10
451.42999999999995
 20
-258.732
 10
451.78
 20
-254.9
  0
LWPOLYLINE
  5
9C
330
17
100
AcDbEntity
  8
0
100
AcDbPolyline
 90
19
 70
1
 10
554.58
 20
-252.28
 10
557.19
 20
-253.16
 10
557.0657142857143
 20
-256.64428571428573
 10
556.9414285714287
 20
-260.12857142857143
 10
556.8171428571429
 20
-263.61285714285714
 10
556.6928571428572
 20
-267.09714285714284
 10
556.5685714285714
 20
-270.5814285714286
 10
556.4442857142858
 20
-274.0657142857143
 10
556.32
 20
-277.55
 10
553.705
 20
-276.68
 10
551.09
 20
-275.81
 10
550.655
 20
-273.195
 10
550.22
 20
-270.58
 10
550.394
 20
-267.096
 10
550.568
 20
-263.61199999999997
 10
550.7420000000001
 20
-260.128
 10
550.916
 20
-256.644
 10
551.09
 20
-253.16
 10
554.58
 20
-252.28
  0
LWPOLYLINE
  5
9D
330
17
100
AcDbEntity
  8
0
100
AcDbPolyline
 90
19
 70
1
 10
465.72
 20
-251.41
 10
469.2
 20
-252.28
 10
469.2
 20
-256.20166666666665
 10
469.2
 20
-260.12333333333333
 10
469.2
 20
-264.045
 10
469.2
 20
-267.9666666666667
 10
469.2
 20
-271.8883333333333
 10
469.2
 20
-275.81
 10
467.46
 20
-277.55
 10
465.28
 20
-277.115
 10
463.1
 20
-276.68
 10
463.2242857142857
 20
-273.19428571428574
 10
463.34857142857146
 20
-269.7085714285714
 10
463.47285714285715
 20
-266.22285714285715
 10
463.5971428571429
 20
-262.7371428571429
 10
463.7214285714286
 20
-259.25142857142856
 10
463.84571428571434
 20
-255.7657142857143
 10
463.97
 20
-252.28
 10
465.72
 20
-251.41
  0
LWPOLYLINE
  5
9E
330
17
100
AcDbEntity
  8
0
100
AcDbPolyline
 90
19
 70
1
 10
539.77
 20
-249.67
 10
541.9449999999999
 20
-250.105
 10
544.12
 20
-250.54
 10
544.265
 20
-254.17
 10
544.41
 20
-257.8
 10
544.5550000000001
 20
-261.43
 10
544.7
 20
-265.06
 10
544.845
 20
-268.69
 10
544.99
 20
-272.32
 10
543.25
 20
-275.81
 10
541.075
 20
-275.37
 10
538.9
 20
-274.93
 10
539.0242857142857
 20
-271.32142857142856
 10
539.1485714285714
 20
-267.71285714285716
 10
539.2728571428571
 20
-264.1042857142857
 10
539.3971428571429
 20
-260.49571428571426
 10
539.5214285714286
 20
-256.88714285714286
 10
539.6457142857142
 20
-253.2785714285714
 10
539.77
 20
-249.67
  0
LWPOLYLINE
  5
9F
330
17
100
AcDbEntity
  8
0
100
AcDbPolyline
 90
19
 70
1
 10
477.04
 20
-249.67
 10
479.22
 20
-250.105
 10
481.4
 20
-250.54
 10
481.2757142857143
 20
-254.15
 10
481.15142857142854
 20
-257.76
 10
481.02714285714285
 20
-261.37
 10
480.9028571428571
 20
-264.98
 10
480.7785714285714
 20
-268.59
 10
480.65428571428566
 20
-272.2
 10
480.53
 20
-275.81
 10
477.91499999999996
 20
-275.37
 10
475.3
 20
-274.93
 10
475.3
 20
-271.01
 10
475.3
 20
-267.09000000000003
 10
475.3
 20
-263.17
 10
475.3
 20
-259.25
 10
475.3
 20
-255.32999999999998
 10
475.3
 20
-251.41
 10
477.04
 20
-249.67
  0
LWPOLYLINE
  5
A0
330
17
100
AcDbEntity
  8
0
100
AcDbPolyline
 90
19
 70
1
 10
527.57
 20
-248.8
 10
529.75
 20
-249.235
 10
531.93
 20
-249.67
 10
531.8057142857142
 20
-253.2785714285714
 10
531.6814285714286
 20
-256.88714285714286
 10
531.5571428571428
 20
-260.49571428571426
 10
531.4328571428571
 20
-264.1042857142857
 10
531.3085714285713
 20
-267.71285714285716
 10
531.1842857142857
 20
-271.32142857142856
 10
531.06
 20
-274.93
 10
528.4449999999999
 20
-274.06
 10
525.83
 20
-273.19
 10
525.83
 20
-269.56
 10
525.83
 20
-265.93
 10
525.83
 20
-262.3
 10
525.83
 20
-258.67
 10
525.83
 20
-255.04
 10
525.83
 20
-251.41
 10
527.57
 20
-248.8
  0
LWPOLYLINE
  5
A1
330
17
100
AcDbEntity
  8
0
100
AcDbPolyline
 90
19
 70
1
 10
489.24
 20
-248.8
 10
491.41499999999996
 20
-249.235
 10
493.59
 20
-249.67
 10
493.4657142857143
 20
-253.2785714285714
 10
493.34142857142854
 20
-256.88714285714286
 10
493.21714285714285
 20
-260.49571428571426
 10
493.09285714285716
 20
-264.1042857142857
 10
492.96857142857147
 20
-267.71285714285716
 10
492.8442857142857
 20
-271.32142857142856
 10
492.72
 20
-274.93
 10
490.545
 20
-274.495
 10
488.37
 20
-274.06
 10
488.4942857142857
 20
-270.45142857142855
 10
488.61857142857144
 20
-266.84285714285716
 10
488.74285714285713
 20
-263.2342857142857
 10
488.8671428571429
 20
-259.6257142857143
 10
488.99142857142857
 20
-256.01714285714286
 10
489.1157142857143
 20
-252.40857142857143
 10
489.24
 20
-248.8
  0
LWPOLYLINE
  5
A2
330
17
100
AcDbEntity
  8
0
100
AcDbPolyline
 90
19
 70
1
 10
514.5
 20
-247.93
 10
517.115
 20
-248.8
 10
519.73
 20
-249.67
 10
519.73
 20
-253.01
 10
519.73
 20
-256.34999999999997
 10
519.73
 20
-259.69
 10
519.73
 20
-263.03
 10
519.73
 20
-266.37
 10
519.73
 20
-269.71
 10
517.985
 20
-271.885
 10
516.24
 20
-274.06
 10
513.63
 20
-273.19
 10
513.7542857142857
 20
-269.58142857142855
 10
513.8785714285714
 20
-265.97285714285715
 10
514.0028571428571
 20
-262.3642857142857
 10
514.1271428571429
 20
-258.7557142857143
 10
514.2514285714286
 20
-255.14714285714285
 10
514.3757142857143
 20
-251.53857142857143
 10
514.5
 20
-247.93
  0
LWPOLYLINE
  5
A3
330
17
100
AcDbEntity
  8
0
100
AcDbPolyline
 90
19
 70
1
 10
502.31
 20
-247.93
 10
504.485
 20
-248.8
 10
506.66
 20
-249.67
 10
506.66
 20
-253.58999999999997
 10
506.66
 20
-257.51
 10
506.66
 20
-261.43
 10
506.66
 20
-265.35
 10
506.66
 20
-269.27
 10
506.66
 20
-273.19
 10
504.92
 20
-274.93
 10
502.74
 20
-274.06
 10
500.56
 20
-273.19
 10
500.56
 20
-269.27
 10
500.56
 20
-265.35
 10
500.56
 20
-261.43
 10
500.56
 20
-257.51
 10
500.56
 20
-253.58999999999997
 10
500.56
 20
-249.67
 10
502.31
 20
-247.93
  0
LWPOLYLINE
  5
A4
330
17
100
AcDbEntity
  8
0
100
AcDbPolyline
 90
173
 70
1
 10
171.25
 20
-329.82
 10
173.43
 20
-331.125
 10
175.61
 20
-332.43
 10
179.34179104477613
 20
-331.1428358208955
 10
183.07358208955225
 20
-329.85567164179105
 10
186.80537313432836
 20
-328.56850746268657
 10
190.53716417910448
 20
-327.2813432835821
 10
194.2689552238806
 20
-325.9941791044776
 10
198.0007462686567
 20
-324.70701492537313
 10
201.73253731343286
 20
-323.41985074626865
 10
205.46432835820897
 20
-322.13268656716417
 10
209.1961194029851
 20
-320.8455223880597
 10
212.9279104477612
 20
-319.5583582089552
 10
216.65970149253732
 20
-318.27119402985073
 10
220.39149253731344
 20
-316.98402985074625
 10
224.12328358208956
 20
-315.6968656716418
 10
227.85507462686567
 20
-314.4097014925373
 10
231.58686567164182
 20
-313.1225373134328
 10
235.31865671641793
 20
-311.8353731343284
 10
239.05044776119405
 20
-310.5482089552239
 10
242.78223880597017
 20
-309.26104477611943
 10
246.51402985074628
 20
-307.97388059701495
 10
250.2458208955224
 20
-306.6867164179105
 10
253.97761194029852
 20
-305.399552238806
 10
257.70940298507463
 20
-304.1123880597015
 10
261.44119402985075
 20
-302.82522388059704
 10
265.17298507462687
 20
-301.53805970149256
 10
268.904776119403
 20
-300.2508955223881
 10
272.6365671641791
 20
-298.9637313432836
 10
276.3683582089552
 20
-297.6765671641791
 10
280.10014925373133
 20
-296.38940298507464
 10
283.83194029850745
 20
-295.10223880597016
 10
287.5637313432836
 20
-293.8150746268657
 10
291.2955223880597
 20
-292.5279104477612
 10
295.02731343283585
 20
-291.2407462686567
 10
298.7591044776119
 20
-289.95358208955224
 10
302.4908955223881
 20
-288.66641791044776
 10
306.22268656716415
 20
-287.3792537313433
 10
309.9544776119403
 20
-286.0920895522388
 10
313.68626865671644
 20
-284.8049253731343
 10
317.41805970149255
 20
-283.51776119402984
 10
321.14985074626867
 20
-282.23059701492537
 10
324.8816417910448
 20
-280.9434328358209
 10
328.6134328358209
 20
-279.6562686567164
 10
332.345223880597
 20
-278.3691044776119
 10
336.07701492537313
 20
-277.08194029850745
 10
339.80880597014925
 20
-275.79477611940297
 10
343.54059701492537
 20
-274.5076119402985
 10
347.2723880597015
 20
-273.220447761194
 10
351.0041791044776
 20
-271.93328358208953
 10
354.7359701492537
 20
-270.64611940298505
 10
358.46776119402983
 20
-269.35895522388057
 10
362.19955223880595
 20
-268.0717910447761
 10
365.93134328358207
 20
-266.7846268656716
 10
369.6631343283582
 20
-265.49746268656713
 10
373.3949253731343
 20
-264.2102985074627
 10
377.1267164179104
 20
-262.9231343283582
 10
380.8585074626866
 20
-261.6359701492537
 10
384.59029850746265
 20
-260.3488059701493
 10
388.3220895522388
 20
-259.0616417910448
 10
392.0538805970149
 20
-257.7744776119403
 10
395.78567164179105
 20
-256.48731343283583
 10
399.51746268656717
 20
-255.20014925373135
 10
403.2492537313433
 20
-253.91298507462687
 10
406.9810447761194
 20
-252.6258208955224
 10
410.7128358208955
 20
-251.33865671641792
 10
414.44462686567164
 20
-250.05149253731344
 10
418.17641791044775
 20
-248.76432835820896
 10
421.90820895522387
 20
-247.47716417910448
 10
425.64
 20
-246.19
 10
428.90749999999997
 20
-244.665
 10
432.17499999999995
 20
-243.14
 10
435.4425
 20
-241.615
 10
438.71
 20
-240.09
 10
434.86358490566033
 20
-239.07075471698113
 10
431.01716981132074
 20
-238.05150943396228
 10
427.1707547169811
 20
-237.0322641509434
 10
423.3243396226415
 20
-236.01301886792453
 10
419.47792452830186
 20
-234.99377358490565
 10
415.63150943396226
 20
-233.9745283018868
 10
411.7850943396226
 20
-232.95528301886793
 10
407.938679245283
 20
-231.93603773584906
 10
404.0922641509434
 20
-230.91679245283018
 10
400.24584905660373
 20
-229.89754716981133
 10
396.39943396226414
 20
-228.87830188679246
 10
392.5530188679245
 20
-227.85905660377358
 10
388.7066037735849
 20
-226.8398113207547
 10
384.86018867924525
 20
-225.82056603773586
 10
381.01377358490566
 20
-224.80132075471698
 10
377.167358490566
 20
-223.7820754716981
 10
373.3209433962264
 20
-222.76283018867923
 10
369.4745283018868
 20
-221.74358490566038
 10
365.62811320754713
 20
-220.7243396226415
 10
361.78169811320754
 20
-219.70509433962263
 10
357.9352830188679
 20
-218.6858490566038
 10
354.0888679245283
 20
-217.6666037735849
 10
350.24245283018865
 20
-216.64735849056603
 10
346.39603773584906
 20
-215.62811320754716
 10
342.5496226415094
 20
-214.6088679245283
 10
338.70320754716977
 20
-213.58962264150944
 10
334.8567924528302
 20
-212.57037735849056
 10
331.0103773584906
 20
-211.55113207547168
 10
327.16396226415094
 20
-210.53188679245284
 10
323.3175471698113
 20
-209.51264150943396
 10
319.4711320754717
 20
-208.4933962264151
 10
315.62471698113205
 20
-207.47415094339624
 10
311.77830188679246
 20
-206.45490566037736
 10
307.9318867924528
 20
-205.4356603773585
 10
304.0854716981132
 20
-204.4164150943396
 10
300.2390566037736
 20
-203.39716981132074
 10
296.39264150943393
 20
-202.3779245283019
 10
292.54622641509434
 20
-201.358679245283
 10
288.69981132075475
 20
-200.33943396226414
 10
284.85339622641504
 20
-199.3201886792453
 10
281.00698113207545
 20
-198.30094339622642
 10
277.16056603773586
 20
-197.28169811320754
 10
273.3141509433962
 20
-196.26245283018866
 10
269.46773584905657
 20
-195.2432075471698
 10
265.621320754717
 20
-194.22396226415094
 10
261.7749056603774
 20
-193.20471698113207
 10
257.9284905660377
 20
-192.1854716981132
 10
254.0820754716981
 20
-191.16622641509434
 10
250.23566037735847
 20
-190.14698113207547
 10
246.38924528301885
 20
-189.1277358490566
 10
242.54283018867923
 20
-188.10849056603774
 10
238.6964150943396
 20
-187.08924528301887
 10
234.85
 20
-186.07
 10
231.65666666666667
 20
-185.78
 10
228.46333333333334
 20
-185.48999999999998
 10
225.27
 20
-185.2
 10
222.65636363636364
 20
-187.73454545454544
 10
220.0427272727273
 20
-190.2690909090909
 10
217.42909090909092
 20
-192.80363636363637
 10
214.81545454545454
 20
-195.33818181818182
 10
212.2018181818182
 20
-197.87272727272727
 10
209.58818181818182
 20
-200.40727272727273
 10
206.97454545454548
 20
-202.94181818181818
 10
204.3609090909091
 20
-205.47636363636366
 10
201.74727272727273
 20
-208.0109090909091
 10
199.13363636363638
 20
-210.54545454545456
 10
196.52
 20
-213.08
 10
194.125
 20
-215.91250000000002
 10
191.73000000000002
 20
-218.745
 10
189.335
 20
-221.5775
 10
186.94
 20
-224.41
 10
185.1975
 20
-227.45749999999998
 10
183.45499999999998
 20
-230.505
 10
181.7125
 20
-233.5525
 10
179.97
 20
-236.6
 10
179.60666666666665
 20
-240.48416666666665
 10
179.24333333333334
 20
-244.36833333333334
 10
178.88
 20
-248.2525
 10
178.51666666666665
 20
-252.13666666666666
 10
178.15333333333334
 20
-256.0208333333333
 10
177.79
 20
-259.905
 10
177.42666666666668
 20
-263.7891666666667
 10
177.06333333333333
 20
-267.67333333333335
 10
176.7
 20
-271.5575
 10
176.33666666666667
 20
-275.44166666666666
 10
175.97333333333333
 20
-279.3258333333333
 10
175.61
 20
-283.21
 10
175.24666666666667
 20
-287.09416666666664
 10
174.88333333333333
 20
-290.97833333333335
 10
174.52
 20
-294.8625
 10
174.15666666666667
 20
-298.74666666666667
 10
173.79333333333332
 20
-302.6308333333333
 10
173.43
 20
-306.515
 10
173.06666666666666
 20
-310.39916666666664
 10
172.70333333333332
 20
-314.2833333333333
 10
172.34
 20
-318.1675
 10
171.97666666666666
 20
-322.0516666666667
 10
171.61333333333334
 20
-325.93583333333333
 10
171.25
 20
-329.82
  0
LWPOLYLINE
  5
A5
330
17
100
AcDbEntity
  8
0
100
AcDbPolyline
 90
171
 70
1
 10
848.17
 20
-331.56
 10
848.3439999999999
 20
-328.076
 10
848.5179999999999
 20
-324.592
 10
848.692
 20
-321.108
 10
848.866
 20
-317.62399999999997
 10
849.04
 20
-314.14
 10
848.6479999999999
 20
-310.263
 10
848.256
 20
-306.38599999999997
 10
847.864
 20
-302.509
 10
847.472
 20
-298.632
 10
847.0799999999999
 20
-294.755
 10
846.688
 20
-290.878
 10
846.296
 20
-287.001
 10
845.904
 20
-283.12399999999997
 10
845.512
 20
-279.24699999999996
 10
845.12
 20
-275.37
 10
844.7280000000001
 20
-271.493
 10
844.336
 20
-267.616
 10
843.944
 20
-263.739
 10
843.552
 20
-259.86199999999997
 10
843.1600000000001
 20
-255.98499999999999
 10
842.768
 20
-252.108
 10
842.376
 20
-248.231
 10
841.984
 20
-244.35399999999998
 10
841.5920000000001
 20
-240.477
 10
841.2
 20
-236.6
 10
838.8357142857143
 20
-233.48857142857142
 10
836.4714285714286
 20
-230.37714285714284
 10
834.1071428571429
 20
-227.26571428571427
 10
831.7428571428571
 20
-224.15428571428572
 10
829.3785714285714
 20
-221.04285714285714
 10
827.0142857142857
 20
-217.93142857142857
 10
824.65
 20
-214.82
 10
821.8908333333333
 20
-212.13416666666666
 10
819.1316666666667
 20
-209.44833333333332
 10
816.3725
 20
-206.7625
 10
813.6133333333333
 20
-204.07666666666665
 10
810.8541666666666
 20
-201.39083333333332
 10
808.095
 20
-198.70499999999998
 10
805.3358333333333
 20
-196.01916666666665
 10
802.5766666666666
 20
-193.33333333333334
 10
799.8175
 20
-190.6475
 10
797.0583333333333
 20
-187.96166666666667
 10
794.2991666666667
 20
-185.27583333333334
 10
791.54
 20
-182.59
 10
787.6954347826087
 20
-183.65065217391304
 10
783.8508695652174
 20
-184.7113043478261
 10
780.006304347826
 20
-185.77195652173913
 10
776.1617391304347
 20
-186.83260869565217
 10
772.3171739130435
 20
-187.8932608695652
 10
768.4726086956522
 20
-188.95391304347825
 10
764.6280434782608
 20
-190.0145652173913
 10
760.7834782608695
 20
-191.07521739130436
 10
756.9389130434782
 20
-192.1358695652174
 10
753.094347826087
 20
-193.19652173913045
 10
749.2497826086957
 20
-194.2571739130435
 10
745.4052173913043
 20
-195.31782608695653
 10
741.560652173913
 20
-196.37847826086957
 10
737.7160869565217
 20
-197.4391304347826
 10
733.8715217391305
 20
-198.49978260869565
 10
730.0269565217392
 20
-199.5604347826087
 10
726.1823913043478
 20
-200.62108695652174
 10
722.3378260869565
 20
-201.68173913043478
 10
718.4932608695652
 20
-202.74239130434782
 10
714.648695652174
 20
-203.80304347826086
 10
710.8041304347826
 20
-204.8636956521739
 10
706.9595652173913
 20
-205.92434782608694
 10
703.115
 20
-206.985
 10
699.2704347826087
 20
-208.04565217391303
 10
695.4258695652175
 20
-209.1063043478261
 10
691.5813043478261
 20
-210.16695652173914
 10
687.7367391304348
 20
-211.22760869565218
 10
683.8921739130435
 20
-212.28826086956522
 10
680.0476086956522
 20
-213.34891304347826
 10
676.203043478261
 20
-214.4095652173913
 10
672.3584782608696
 20
-215.47021739130435
 10
668.5139130434783
 20
-216.5308695652174
 10
664.669347826087
 20
-217.59152173913043
 10
660.8247826086957
 20
-218.65217391304347
 10
656.9802173913043
 20
-219.7128260869565
 10
653.1356521739131
 20
-220.77347826086958
 10
649.2910869565218
 20
-221.8341304347826
 10
645.4465217391305
 20
-222.89478260869566
 10
641.6019565217391
 20
-223.95543478260868
 10
637.7573913043478
 20
-225.01608695652175
 10
633.9128260869566
 20
-226.07673913043476
 10
630.0682608695653
 20
-227.13739130434783
 10
626.223695652174
 20
-228.19804347826087
 10
622.3791304347826
 20
-229.2586956521739
 10
618.5345652173913
 20
-230.31934782608695
 10
614.69
 20
-231.38
 10
611.2055555555556
 20
-232.54111111111112
 10
607.7211111111112
 20
-233.70222222222222
 10
604.2366666666667
 20
-234.86333333333334
 10
600.7522222222223
 20
-236.02444444444444
 10
597.2677777777778
 20
-237.18555555555557
 10
593.7833333333334
 20
-238.34666666666666
 10
590.2988888888889
 20
-239.5077777777778
 10
586.8144444444445
 20
-240.6688888888889
 10
583.33
 20
-241.83
 10
587.0709803921569
 20
-243.12823529411767
 10
590.8119607843138
 20
-244.4264705882353
 10
594.5529411764707
 20
-245.72470588235296
 10
598.2939215686275
 20
-247.0229411764706
 10
602.0349019607844
 20
-248.32117647058826
 10
605.7758823529413
 20
-249.6194117647059
 10
609.516862745098
 20
-250.91764705882355
 10
613.2578431372549
 20
-252.21588235294118
 10
616.9988235294118
 20
-253.51411764705884
 10
620.7398039215686
 20
-254.81235294117647
 10
624.4807843137255
 20
-256.11058823529413
 10
628.2217647058824
 20
-257.4088235294118
 10
631.9627450980392
 20
-258.70705882352945
 10
635.7037254901961
 20
-260.00529411764705
 10
639.444705882353
 20
-261.3035294117647
 10
643.1856862745099
 20
-262.6017647058824
 10
646.9266666666667
 20
-263.90000000000003
 10
650.6676470588236
 20
-265.19823529411764
 10
654.4086274509805
 20
-266.4964705882353
 10
658.1496078431372
 20
-267.79470588235296
 10
661.8905882352941
 20
-269.0929411764706
 10
665.631568627451
 20
-270.3911764705883
 10
669.3725490196078
 20
-271.6894117647059
 10
673.1135294117647
 20
-272.98764705882354
 10
676.8545098039216
 20
-274.2858823529412
 10
680.5954901960785
 20
-275.58411764705886
 10
684.3364705882353
 20
-276.88235294117646
 10
688.0774509803922
 20
-278.1805882352941
 10
691.8184313725491
 20
-279.4788235294118
 10
695.5594117647059
 20
-280.77705882352944
 10
699.3003921568627
 20
-282.0752941176471
 10
703.0413725490196
 20
-283.3735294117647
 10
706.7823529411764
 20
-284.67176470588237
 10
710.5233333333333
 20
-285.97
 10
714.2643137254902
 20
-287.2682352941177
 10
718.005294117647
 20
-288.5664705882353
 10
721.7462745098039
 20
-289.86470588235295
 10
725.4872549019608
 20
-291.1629411764706
 10
729.2282352941177
 20
-292.46117647058827
 10
732.9692156862745
 20
-293.7594117647059
 10
736.7101960784314
 20
-295.05764705882353
 10
740.4511764705883
 20
-296.3558823529412
 10
744.1921568627452
 20
-297.65411764705885
 10
747.933137254902
 20
-298.9523529411765
 10
751.6741176470589
 20
-300.2505882352941
 10
755.4150980392158
 20
-301.5488235294118
 10
759.1560784313725
 20
-302.84705882352944
 10
762.8970588235294
 20
-304.1452941176471
 10
766.6380392156863
 20
-305.44352941176476
 10
770.3790196078431
 20
-306.74176470588236
 10
774.12
 20
-308.04
 10
777.8225
 20
-309.216
 10
781.525
 20
-310.392
 10
785.2275
 20
-311.56800000000004
 10
788.93
 20
-312.744
 10
792.6324999999999
 20
-313.92
 10
796.335
 20
-315.096
 10
800.0375
 20
-316.272
 10
803.74
 20
-317.44800000000004
 10
807.4425
 20
-318.624
 10
811.145
 20
-319.8
 10
814.8475
 20
-320.976
 10
818.55
 20
-322.152
 10
822.2524999999999
 20
-323.32800000000003
 10
825.9549999999999
 20
-324.504
 10
829.6575
 20
-325.68
 10
833.36
 20
-326.856
 10
837.0625
 20
-328.032
 10
840.765
 20
-329.208
 10
844.4675
 20
-330.384
 10
848.17
 20
-331.56
  0
LWPOLYLINE
  5
A6
330
17
100
AcDbEntity
  8
0
100
AcDbPolyline
 90
98
 70
1
 10
445.68
 20
-185.2
 10
448.51
 20
-187.815
 10
451.34000000000003
 20
-190.43
 10
454.17
 20
-193.045
 10
457.0
 20
-195.66
 10
460.77555555555557
 20
-194.4011111111111
 10
464.55111111111114
 20
-193.14222222222222
 10
468.32666666666665
 20
-191.88333333333333
 10
472.1022222222222
 20
-190.62444444444444
 10
475.8777777777778
 20
-189.36555555555557
 10
479.65333333333336
 20
-188.10666666666668
 10
483.4288888888889
 20
-186.8477777777778
 10
487.20444444444445
 20
-185.5888888888889
 10
490.98
 20
-184.33
 10
494.755
 20
-183.75
 10
498.53000000000003
 20
-183.17000000000002
 10
502.305
 20
-182.59
 10
506.08
 20
-182.01
 10
509.855
 20
-181.43
 10
513.63
 20
-180.85
 10
516.99
 20
-181.59571428571428
 10
520.35
 20
-182.34142857142857
 10
523.71
 20
-183.08714285714285
 10
527.0699999999999
 20
-183.83285714285714
 10
530.43
 20
-184.57857142857142
 10
533.79
 20
-185.3242857142857
 10
537.15
 20
-186.07
 10
540.8842857142857
 20
-187.44
 10
544.6185714285714
 20
-188.81
 10
548.3528571428571
 20
-190.18
 10
552.0871428571428
 20
-191.54999999999998
 10
555.8214285714286
 20
-192.92
 10
559.5557142857142
 20
-194.29
 10
563.29
 20
-195.66
 10
565.554
 20
-193.22
 10
567.818
 20
-190.78
 10
570.082
 20
-188.34
 10
572.346
 20
-185.9
 10
574.61
 20
-183.46
 10
571.565
 20
-182.155
 10
568.52
 20
-180.85
 10
565.525
 20
-178.56312499999999
 10
562.53
 20
-176.27625
 10
559.535
 20
-173.989375
 10
556.54
 20
-171.7025
 10
553.545
 20
-169.415625
 10
550.55
 20
-167.12875
 10
547.555
 20
-164.841875
 10
544.56
 20
-162.555
 10
541.565
 20
-160.268125
 10
538.57
 20
-157.98125
 10
535.575
 20
-155.69437499999998
 10
532.58
 20
-153.4075
 10
529.585
 20
-151.120625
 10
526.59
 20
-148.83375
 10
523.595
 20
-146.546875
 10
520.6
 20
-144.26
 10
519.2950000000001
 20
-142.515
 10
517.99
 20
-140.77
 10
519.73
 20
-138.4466666666667
 10
521.47
 20
-136.12333333333333
 10
523.21
 20
-133.8
 10
523.21
 20
-130.89666666666668
 10
523.21
 20
-127.99333333333334
 10
523.21
 20
-125.09
 10
521.0350000000001
 20
-122.03999999999999
 10
518.86
 20
-118.99
 10
515.3733333333333
 20
-118.11999999999999
 10
511.88666666666666
 20
-117.25
 10
508.4
 20
-116.38
 10
504.91499999999996
 20
-118.12
 10
501.43
 20
-119.86
 10
499.69
 20
-122.91
 10
497.95
 20
-125.96
 10
497.95
 20
-129.88
 10
497.95
 20
-133.8
 10
499.4033333333333
 20
-136.12333333333333
 10
500.8566666666667
 20
-138.4466666666667
 10
502.31
 20
-140.77
 10
501.43
 20
-143.39
 10
498.3327777777778
 20
-145.71277777777777
 10
495.23555555555555
 20
-148.03555555555553
 10
492.1383333333333
 20
-150.35833333333332
 10
489.0411111111111
 20
-152.6811111111111
 10
485.9438888888889
 20
-155.00388888888887
 10
482.8466666666667
 20
-157.32666666666665
 10
479.74944444444446
 20
-159.64944444444444
 10
476.65222222222224
 20
-161.9722222222222
 10
473.555
 20
-164.295
 10
470.4577777777778
 20
-166.61777777777777
 10
467.36055555555555
 20
-168.94055555555553
 10
464.2633333333333
 20
-171.26333333333332
 10
461.16611111111115
 20
-173.5861111111111
 10
458.06888888888886
 20
-175.90888888888887
 10
454.9716666666667
 20
-178.23166666666665
 10
451.87444444444446
 20
-180.5544444444444
 10
448.77722222222224
 20
-182.8772222222222
 10
445.68
 20
-185.2
  0
ENDSEC
  0
SECTION
  2
OBJECTS
  0
DICTIONARY
  5
A
330
0
100
AcDbDictionary
281
1
  3
ACAD_COLOR
350
B
  3
ACAD_GROUP
350
C
  3
ACAD_LAYOUT
350
D
  3
ACAD_MATERIAL
350
E
  3
ACAD_MLEADERSTYLE
350
F
  3
ACAD_MLINESTYLE
350
10
  3
ACAD_PLOTSETTINGS
350
11
  3
ACAD_PLOTSTYLENAME
350
12
  3
ACAD_SCALELIST
350
14
  3
ACAD_TABLESTYLE
350
15
  3
ACAD_VISUALSTYLE
350
16
  3
EZDXF_META
350
2D
  0
DICTIONARY
  5
B
330
A
100
AcDbDictionary
281
1
  0
DICTIONARY
  5
C
330
A
100
AcDbDictionary
281
1
  0
DICTIONARY
  5
D
330
A
100
AcDbDictionary
281
1
  3
Model
350
1A
  3
Layout1
350
1E
  0
DICTIONARY
  5
E
330
A
100
AcDbDictionary
281
1
  3
ByBlock
350
1F
  3
ByLayer
350
20
  3
Global
350
21
  0
DICTIONARY
  5
F
330
A
100
AcDbDictionary
281
1
  3
Standard
350
2C
  0
DICTIONARY
  5
10
330
A
100
AcDbDictionary
281
1
  3
Standard
350
22
  0
DICTIONARY
  5
11
330
A
100
AcDbDictionary
281
1
  0
ACDBDICTIONARYWDFLT
  5
12
330
A
100
AcDbDictionary
281
1
  3
Normal
350
13
100
AcDbDictionaryWithDefault
340
13
  0
ACDBPLACEHOLDER
  5
13
330
12
  0
DICTIONARY
  5
14
330
A
100
AcDbDictionary
281
1
  0
DICTIONARY
  5
15
330
A
100
AcDbDictionary
281
1
  0
DICTIONARY
  5
16
330
A
100
AcDbDictionary
281
1
  3
2dWireframe
350
5A
  3
Basic
350
5B
  3
Brighten
350
5C
  3
ColorChange
350
5D
  3
Conceptual
350
5E
  3
Dim
350
5F
  3
EdgeColorOff
350
60
  3
Facepattern
350
61
  3
Flat
350
62
  3
FlatWithEdges
350
63
  3
Gouraud
350
64
  3
GouraudWithEdges
350
65
  3
Hidden
350
66
  3
JitterOff
350
67
  3
Linepattern
350
68
  3
Modeling
350
69
  3
OverhangOff
350
6A
  3
Realistic
350
6B
  3
Shaded
350
6C
  3
Shaded with edges
350
6D
  3
Shades of Gray
350
6E
  3
Sketchy
350
6F
  3
Thicken
350
70
  3
Wireframe
350
71
  3
X-Ray
350
72
  0
LAYOUT
  5
1A
330
D
100
AcDbPlotSettings
  1

  4
A3
  6

 40
7.5
 41
20.0
 42
7.5
 43
20.0
 44
420.0
 45
297.0
 46
0.0
 47
0.0
 48
0.0
 49
0.0
140
0.0
141
0.0
142
1.0
143
1.0
 70
1024
 72
1
 73
0
 74
5
  7

 75
16
 76
0
 77
2
 78
300
147
1.0
148
0.0
149
0.0
100
AcDbLayout
  1
Model
 70
1
 71
0
 10
0.0
 20
0.0
 11
420.0
 21
297.0
 12
0.0
 22
0.0
 32
0.0
 14
1e+20
 24
1e+20
 34
1e+20
 15
-1e+20
 25
-1e+20
 35
-1e+20
146
0.0
 13
0.0
 23
0.0
 33
0.0
 16
1.0
 26
0.0
 36
0.0
 17
0.0
 27
1.0
 37
0.0
 76
1
330
17
  0
LAYOUT
  5
1E
330
D
100
AcDbPlotSettings
  1

  4
A3
  6

 40
7.5
 41
20.0
 42
7.5
 43
20.0
 44
420.0
 45
297.0
 46
0.0
 47
0.0
 48
0.0
 49
0.0
140
0.0
141
0.0
142
1.0
143
1.0
 70
0
 72
1
 73
0
 74
5
  7

 75
16
 76
0
 77
2
 78
300
147
1.0
148
0.0
149
0.0
100
AcDbLayout
  1
Layout1
 70
1
 71
1
 10
0.0
 20
0.0
 11
420.0
 21
297.0
 12
0.0
 22
0.0
 32
0.0
 14
1e+20
 24
1e+20
 34
1e+20
 15
-1e+20
 25
-1e+20
 35
-1e+20
146
0.0
 13
0.0
 23
0.0
 33
0.0
 16
1.0
 26
0.0
 36
0.0
 17
0.0
 27
1.0
 37
0.0
 76
1
330
1B
  0
MATERIAL
  5
1F
102
{ACAD_REACTORS
330
E
102
}
330
E
100
AcDbMaterial
  1
ByBlock
  2

 70
0
 40
1.0
 71
1
 41
1.0
 91
-1023410177
 42
1.0
 72
1
  3

 73
1
 74
1
 75
1
 44
0.5
 73
0
 45
1.0
 46
1.0
 77
1
  4

 78
1
 79
1
170
1
 48
1.0
171
1
  6

172
1
173
1
174
1
140
1.0
141
1.0
175
1
  7

176
1
177
1
178
1
143
1.0
179
1
  8

270
1
271
1
272
1
145
1.0
146
1.0
273
1
  9

274
1
275
1
276
1
 42
1.0
 72
1
  3

 73
1
 74
1
 75
1
 94
63
  0
MATERIAL
  5
20
102
{ACAD_REACTORS
330
E
102
}
330
E
100
AcDbMaterial
  1
ByLayer
  2

 70
0
 40
1.0
 71
1
 41
1.0
 91
-1023410177
 42
1.0
 72
1
  3

 73
1
 74
1
 75
1
 44
0.5
 73
0
 45
1.0
 46
1.0
 77
1
  4

 78
1
 79
1
170
1
 48
1.0
171
1
  6

172
1
173
1
174
1
140
1.0
141
1.0
175
1
  7

176
1
177
1
178
1
143
1.0
179
1
  8

270
1
271
1
272
1
145
1.0
146
1.0
273
1
  9

274
1
275
1
276
1
 42
1.0
 72
1
  3

 73
1
 74
1
 75
1
 94
63
  0
MATERIAL
  5
21
102
{ACAD_REACTORS
330
E
102
}
330
E
100
AcDbMaterial
  1
Global
  2

 70
0
 40
1.0
 71
1
 41
1.0
 91
-1023410177
 42
1.0
 72
1
  3

 73
1
 74
1
 75
1
 44
0.5
 73
0
 45
1.0
 46
1.0
 77
1
  4

 78
1
 79
1
170
1
 48
1.0
171
1
  6

172
1
173
1
174
1
140
1.0
141
1.0
175
1
  7

176
1
177
1
178
1
143
1.0
179
1
  8

270
1
271
1
272
1
145
1.0
146
1.0
273
1
  9

274
1
275
1
276
1
 42
1.0
 72
1
  3

 73
1
 74
1
 75
1
 94
63
  0
MLINESTYLE
  5
22
102
{ACAD_REACTORS
330
10
102
}
330
10
100
AcDbMlineStyle
  2
Standard
 70
0
  3

 62
256
 51
90.0
 52
90.0
 71
2
 49
0.5
 62
256
  6
BYLAYER
 49
-0.5
 62
256
  6
BYLAYER
  0
MLEADERSTYLE
  5
2C
102
{ACAD_REACTORS
330
F
102
}
330
F
100
AcDbMLeaderStyle
179
2
170
2
171
1
172
0
 90
2
 40
0.0
 41
0.0
173
1
 91
-1056964608
 92
-2
290
1
 42
2.0
291
1
 43
8.0
  3
Standard
 44
4.0
300

342
29
174
1
175
1
176
0
178
1
 93
-1056964608
 45
4.0
292
0
297
0
 46
4.0
 94
-1056964608
 47
1.0
 49
1.0
140
1.0
294
1
141
0.0
177
0
142
1.0
295
0
296
0
143
3.75
271
0
272
9
273
9
  0
DICTIONARY
  5
2D
330
A
100
AcDbDictionary
280
1
281
1
  3
CREATED_BY_EZDXF
350
2E
  3
WRITTEN_BY_EZDXF
350
A9
  0
DICTIONARYVAR
  5
2E
330
2D
100
DictionaryVariables
280
0
  1
1.4.4 @ 2026-09-08T15:40:28.946068+00:00
  0
VISUALSTYLE
  5
5A
102
{ACAD_REACTORS
330
16
102
}
330
16
100
AcDbVisualStyle
  2
2dWireframe
 70
4
177
3
291
0
 70
58
 90
2
176
1
 90
2
176
1
 90
0
176
1
 90
0
176
1
 40
0.6
176
1
 40
30.0
176
1
 62
7
420
16777215
176
1
 90
1
176
1
 90
4
176
1
 62
7
176
1
 62
257
176
1
 90
1
176
1
 90
1
176
1
 40
1.0
176
1
 90
8
176
1
 62
7
176
1
 40
1.0
176
1
 90
1
176
1
 90
6
176
1
 90
2
176
1
 62
7
176
1
 90
5
176
1
 90
0
176
1
 90
0
176
1
290
0
176
1
 90
1
176
1
 40
0.0
176
1
 90
0
176
1
290
1
176
1
290
1
176
1
290
0
176
1
290
0
176
1
290
0
176
1
290
0
176
1
290
0
176
1
290
0
176
1
290
0
176
1
 90
50
176
1
 40
0.0
176
1
 40
1.0
176
1
 90
0
176
1
 62
18
420
0
176
1
 90
50
176
1
 90
3
176
1
 62
5
420
255
176
1
290
0
176
1
 90
50
176
1
 90
50
176
1
 90
50
176
1
290
0
176
1
 90
50
176
1
 62
256
176
0
 40
1.0
176
0
 90
2
176
1
  1
strokes_ogs.tif
176
1
290
0
176
1
 40
1.0
176
1
 40
1.0
176
1
  0
VISUALSTYLE
  5
5B
102
{ACAD_REACTORS
330
16
102
}
330
16
100
AcDbVisualStyle
  2
Basic
 70
7
177
3
291
1
 70
58
 90
2
176
1
 90
2
176
1
 90
0
176
1
 90
1
176
1
 40
0.6
176
1
 40
30.0
176
1
 62
7
420
16777215
176
1
 90
1
176
1
 90
4
176
1
 62
7
176
1
 62
257
176
1
 90
1
176
1
 90
1
176
1
 40
1.0
176
1
 90
8
176
1
 62
7
176
1
 40
1.0
176
1
 90
1
176
1
 90
6
176
1
 90
2
176
1
 62
7
176
1
 90
5
176
1
 90
0
176
1
 90
0
176
1
290
0
176
1
 90
1
176
1
 40
0.0
176
1
 90
0
176
1
290
0
176
1
290
1
176
1
290
1
176
1
290
0
176
1
290
0
176
1
290
0
176
1
290
0
176
1
290
0
176
1
290
0
176
1
 90
50
176
1
 40
0.0
176
1
 40
1.0
176
1
 90
0
176
1
 62
18
420
0
176
1
 90
50
176
1
 90
3
176
1
 62
5
420
255
176
1
290
0
176
1
 90
50
176
1
 90
50
176
1
 90
50
176
1
290
0
176
1
 90
50
176
1
 62
256
176
0
 40
1.0
176
0
 90
2
176
1
  1
strokes_ogs.tif
176
1
290
0
176
1
 40
1.0
176
1
 40
1.0
176
1
  0
VISUALSTYLE
  5
5C
102
{ACAD_REACTORS
330
16
102
}
330
16
100
AcDbVisualStyle
  2
Brighten
 70
12
177
3
291
1
 70
58
 90
2
176
1
 90
2
176
1
 90
0
176
1
 90
2
176
1
 40
0.6
176
1
 40
30.0
176
1
 62
7
420
16777215
176
1
 90
1
176
1
 90
4
176
1
 62
7
176
1
 62
257
176
1
 90
1
176
1
 90
1
176
1
 40
1.0
176
1
 90
8
176
1
 62
7
176
1
 40
1.0
176
1
 90
1
176
1
 90
6
176
1
 90
2
176
1
 62
7
176
1
 90
5
176
1
 90
0
176
1
 90
0
176
1
290
0
176
1
 90
1
176
1
 40
0.0
176
1
 90
0
176
1
290
0
176
1
290
1
176
1
290
1
176
1
290
0
176
1
290
0
176
1
290
0
176
1
290
0
176
1
290
0
176
1
290
0
176
1
 90
50
176
1
 40
0.0
176
1
 40
1.0
176
1
 90
0
176
1
 62
18
420
0
176
1
 90
50
176
1
 90
3
176
1
 62
5
420
255
176
1
290
0
176
1
 90
50
176
1
 90
50
176
1
 90
50
176
1
290
0
176
1
 90
50
176
1
 62
256
176
0
 40
1.0
176
0
 90
2
176
1
  1
strokes_ogs.tif
176
1
290
0
176
1
 40
1.0
176
1
 40
1.0
176
1
  0
VISUALSTYLE
  5
5D
102
{ACAD_REACTORS
330
16
102
}
330
16
100
AcDbVisualStyle
  2
ColorChange
 70
16
177
3
291
1
 70
58
 90
2
176
1
 90
2
176
1
 90
0
176
1
 90
2
176
1
 40
0.6
176
1
 40
30.0
176
1
 62
7
420
16777215
176
1
 90
1
176
1
 90
4
176
1
 62
7
176
1
 62
257
176
1
 90
1
176
1
 90
1
176
1
 40
1.0
176
1
 90
8
176
1
 62
7
176
1
 40
1.0
176
1
 90
1
176
1
 90
6
176
1
 90
2
176
1
 62
7
176
1
 90
5
176
1
 90
0
176
1
 90
0
176
1
290
0
176
1
 90
1
176
1
 40
0.0
176
1
 90
0
176
1
290
0
176
1
290
1
176
1
290
1
176
1
290
0
176
1
290
0
176
1
290
0
176
1
290
0
176
1
290
0
176
1
290
0
176
1
 90
50
176
1
 40
0.0
176
1
 40
1.0
176
1
 90
0
176
1
 62
18
420
0
176
1
 90
50
176
1
 90
3
176
1
 62
5
420
255
176
1
290
0
176
1
 90
50
176
1
 90
50
176
1
 90
50
176
1
290
0
176
1
 90
50
176
1
 62
256
176
0
 40
1.0
176
0
 90
2
176
1
  1
strokes_ogs.tif
176
1
290
0
176
1
 40
1.0
176
1
 40
1.0
176
1
  0
VISUALSTYLE
  5
5E
102
{ACAD_REACTORS
330
16
102
}
330
16
100
AcDbVisualStyle
  2
Conceptual
 70
9
177
3
291
0
 70
58
 90
2
176
1
 90
2
176
1
 90
0
176
1
 90
3
176
1
 40
0.6
176
1
 40
30.0
176
1
 62
7
420
16777215
176
1
 90
1
176
1
 90
4
176
1
 62
7
176
1
 62
257
176
1
 90
1
176
1
 90
1
176
1
 40
1.0
176
1
 90
8
176
1
 62
7
176
1
 40
1.0
176
1
 90
1
176
1
 90
6
176
1
 90
2
176
1
 62
7
176
1
 90
5
176
1
 90
0
176
1
 90
0
176
1
290
0
176
1
 90
1
176
1
 40
0.0
176
1
 90
0
176
1
290
0
176
1
290
1
176
1
290
1
176
1
290
0
176
1
290
0
176
1
290
0
176
1
290
0
176
1
290
0
176
1
290
0
176
1
 90
50
176
1
 40
0.0
176
1
 40
1.0
176
1
 90
0
176
1
 62
18
420
0
176
1
 90
50
176
1
 90
3
176
1
 62
5
420
255
176
1
290
0
176
1
 90
50
176
1
 90
50
176
1
 90
50
176
1
290
0
176
1
 90
50
176
1
 62
256
176
0
 40
1.0
176
0
 90
2
176
1
  1
strokes_ogs.tif
176
1
290
0
176
1
 40
1.0
176
1
 40
1.0
176
1
  0
VISUALSTYLE
  5
5F
102
{ACAD_REACTORS
330
16
102
}
330
16
100
AcDbVisualStyle
  2
Dim
 70
11
177
3
291
1
 70
58
 90
2
176
1
 90
2
176
1
 90
0
176
1
 90
2
176
1
 40
0.6
176
1
 40
30.0
176
1
 62
7
420
16777215
176
1
 90
1
176
1
 90
4
176
1
 62
7
176
1
 62
257
176
1
 90
1
176
1
 90
1
176
1
 40
1.0
176
1
 90
8
176
1
 62
7
176
1
 40
1.0
176
1
 90
1
176
1
 90
6
176
1
 90
2
176
1
 62
7
176
1
 90
5
176
1
 90
0
176
1
 90
0
176
1
290
0
176
1
 90
1
176
1
 40
0.0
176
1
 90
0
176
1
290
0
176
1
290
1
176
1
290
1
176
1
290
0
176
1
290
0
176
1
290
0
176
1
290
0
176
1
290
0
176
1
290
0
176
1
 90
50
176
1
 40
0.0
176
1
 40
1.0
176
1
 90
0
176
1
 62
18
420
0
176
1
 90
50
176
1
 90
3
176
1
 62
5
420
255
176
1
290
0
176
1
 90
50
176
1
 90
50
176
1
 90
50
176
1
290
0
176
1
 90
50
176
1
 62
256
176
0
 40
1.0
176
0
 90
2
176
1
  1
strokes_ogs.tif
176
1
290
0
176
1
 40
1.0
176
1
 40
1.0
176
1
  0
VISUALSTYLE
  5
60
102
{ACAD_REACTORS
330
16
102
}
330
16
100
AcDbVisualStyle
  2
EdgeColorOff
 70
22
177
3
291
1
 70
58
 90
2
176
1
 90
2
176
1
 90
0
176
1
 90
2
176
1
 40
0.6
176
1
 40
30.0
176
1
 62
7
420
16777215
176
1
 90
1
176
1
 90
4
176
1
 62
7
176
1
 62
257
176
1
 90
1
176
1
 90
1
176
1
 40
1.0
176
1
 90
8
176
1
 62
7
176
1
 40
1.0
176
1
 90
1
176
1
 90
6
176
1
 90
2
176
1
 62
7
176
1
 90
5
176
1
 90
0
176
1
 90
0
176
1
290
0
176
1
 90
1
176
1
 40
0.0
176
1
 90
0
176
1
290
0
176
1
290
1
176
1
290
1
176
1
290
0
176
1
290
0
176
1
290
0
176
1
290
0
176
1
290
0
176
1
290
0
176
1
 90
50
176
1
 40
0.0
176
1
 40
1.0
176
1
 90
0
176
1
 62
18
420
0
176
1
 90
50
176
1
 90
3
176
1
 62
5
420
255
176
1
290
0
176
1
 90
50
176
1
 90
50
176
1
 90
50
176
1
290
0
176
1
 90
50
176
1
 62
256
176
0
 40
1.0
176
0
 90
2
176
1
  1
strokes_ogs.tif
176
1
290
0
176
1
 40
1.0
176
1
 40
1.0
176
1
  0
VISUALSTYLE
  5
61
102
{ACAD_REACTORS
330
16
102
}
330
16
100
AcDbVisualStyle
  2
Facepattern
 70
15
177
3
291
1
 70
58
 90
2
176
1
 90
2
176
1
 90
0
176
1
 90
2
176
1
 40
0.6
176
1
 40
30.0
176
1
 62
7
420
16777215
176
1
 90
1
176
1
 90
4
176
1
 62
7
176
1
 62
257
176
1
 90
1
176
1
 90
1
176
1
 40
1.0
176
1
 90
8
176
1
 62
7
176
1
 40
1.0
176
1
 90
1
176
1
 90
6
176
1
 90
2
176
1
 62
7
176
1
 90
5
176
1
 90
0
176
1
 90
0
176
1
290
0
176
1
 90
1
176
1
 40
0.0
176
1
 90
0
176
1
290
0
176
1
290
1
176
1
290
1
176
1
290
0
176
1
290
0
176
1
290
0
176
1
290
0
176
1
290
0
176
1
290
0
176
1
 90
50
176
1
 40
0.0
176
1
 40
1.0
176
1
 90
0
176
1
 62
18
420
0
176
1
 90
50
176
1
 90
3
176
1
 62
5
420
255
176
1
290
0
176
1
 90
50
176
1
 90
50
176
1
 90
50
176
1
290
0
176
1
 90
50
176
1
 62
256
176
0
 40
1.0
176
0
 90
2
176
1
  1
strokes_ogs.tif
176
1
290
0
176
1
 40
1.0
176
1
 40
1.0
176
1
  0
VISUALSTYLE
  5
62
102
{ACAD_REACTORS
330
16
102
}
330
16
100
AcDbVisualStyle
  2
Flat
 70
0
177
3
291
1
 70
58
 90
2
176
1
 90
2
176
1
 90
0
176
1
 90
2
176
1
 40
0.6
176
1
 40
30.0
176
1
 62
7
420
16777215
176
1
 90
1
176
1
 90
4
176
1
 62
7
176
1
 62
257
176
1
 90
1
176
1
 90
1
176
1
 40
1.0
176
1
 90
8
176
1
 62
7
176
1
 40
1.0
176
1
 90
1
176
1
 90
6
176
1
 90
2
176
1
 62
7
176
1
 90
5
176
1
 90
0
176
1
 90
0
176
1
290
0
176
1
 90
1
176
1
 40
0.0
176
1
 90
0
176
1
290
0
176
1
290
1
176
1
290
1
176
1
290
0
176
1
290
0
176
1
290
0
176
1
290
0
176
1
290
0
176
1
290
0
176
1
 90
50
176
1
 40
0.0
176
1
 40
1.0
176
1
 90
0
176
1
 62
18
420
0
176
1
 90
50
176
1
 90
3
176
1
 62
5
420
255
176
1
290
0
176
1
 90
50
176
1
 90
50
176
1
 90
50
176
1
290
0
176
1
 90
50
176
1
 62
256
176
0
 40
1.0
176
0
 90
2
176
1
  1
strokes_ogs.tif
176
1
290
0
176
1
 40
1.0
176
1
 40
1.0
176
1
  0
VISUALSTYLE
  5
63
102
{ACAD_REACTORS
330
16
102
}
330
16
100
AcDbVisualStyle
  2
FlatWithEdges
 70
1
177
3
291
1
 70
58
 90
2
176
1
 90
2
176
1
 90
0
176
1
 90
2
176
1
 40
0.6
176
1
 40
30.0
176
1
 62
7
420
16777215
176
1
 90
1
176
1
 90
4
176
1
 62
7
176
1
 62
257
176
1
 90
1
176
1
 90
1
176
1
 40
1.0
176
1
 90
8
176
1
 62
7
176
1
 40
1.0
176
1
 90
1
176
1
 90
6
176
1
 90
2
176
1
 62
7
176
1
 90
5
176
1
 90
0
176
1
 90
0
176
1
290
0
176
1
 90
1
176
1
 40
0.0
176
1
 90
0
176
1
290
0
176
1
290
1
176
1
290
1
176
1
290
0
176
1
290
0
176
1
290
0
176
1
290
0
176
1
290
0
176
1
290
0
176
1
 90
50
176
1
 40
0.0
176
1
 40
1.0
176
1
 90
0
176
1
 62
18
420
0
176
1
 90
50
176
1
 90
3
176
1
 62
5
420
255
176
1
290
0
176
1
 90
50
176
1
 90
50
176
1
 90
50
176
1
290
0
176
1
 90
50
176
1
 62
256
176
0
 40
1.0
176
0
 90
2
176
1
  1
strokes_ogs.tif
176
1
290
0
176
1
 40
1.0
176
1
 40
1.0
176
1
  0
VISUALSTYLE
  5
64
102
{ACAD_REACTORS
330
16
102
}
330
16
100
AcDbVisualStyle
  2
Gouraud
 70
2
177
3
291
1
 70
58
 90
2
176
1
 90
2
176
1
 90
0
176
1
 90
2
176
1
 40
0.6
176
1
 40
30.0
176
1
 62
7
420
16777215
176
1
 90
1
176
1
 90
4
176
1
 62
7
176
1
 62
257
176
1
 90
1
176
1
 90
1
176
1
 40
1.0
176
1
 90
8
176
1
 62
7
176
1
 40
1.0
176
1
 90
1
176
1
 90
6
176
1
 90
2
176
1
 62
7
176
1
 90
5
176
1
 90
0
176
1
 90
0
176
1
290
0
176
1
 90
1
176
1
 40
0.0
176
1
 90
0
176
1
290
0
176
1
290
1
176
1
290
1
176
1
290
0
176
1
290
0
176
1
290
0
176
1
290
0
176
1
290
0
176
1
290
0
176
1
 90
50
176
1
 40
0.0
176
1
 40
1.0
176
1
 90
0
176
1
 62
18
420
0
176
1
 90
50
176
1
 90
3
176
1
 62
5
420
255
176
1
290
0
176
1
 90
50
176
1
 90
50
176
1
 90
50
176
1
290
0
176
1
 90
50
176
1
 62
256
176
0
 40
1.0
176
0
 90
2
176
1
  1
strokes_ogs.tif
176
1
290
0
176
1
 40
1.0
176
1
 40
1.0
176
1
  0
VISUALSTYLE
  5
65
102
{ACAD_REACTORS
330
16
102
}
330
16
100
AcDbVisualStyle
  2
GouraudWithEdges
 70
3
177
3
291
1
 70
58
 90
2
176
1
 90
2
176
1
 90
0
176
1
 90
2
176
1
 40
0.6
176
1
 40
30.0
176
1
 62
7
420
16777215
176
1
 90
1
176
1
 90
4
176
1
 62
7
176
1
 62
257
176
1
 90
1
176
1
 90
1
176
1
 40
1.0
176
1
 90
8
176
1
 62
7
176
1
 40
1.0
176
1
 90
1
176
1
 90
6
176
1
 90
2
176
1
 62
7
176
1
 90
5
176
1
 90
0
176
1
 90
0
176
1
290
0
176
1
 90
1
176
1
 40
0.0
176
1
 90
0
176
1
290
0
176
1
290
1
176
1
290
1
176
1
290
0
176
1
290
0
176
1
290
0
176
1
290
0
176
1
290
0
176
1
290
0
176
1
 90
50
176
1
 40
0.0
176
1
 40
1.0
176
1
 90
0
176
1
 62
18
420
0
176
1
 90
50
176
1
 90
3
176
1
 62
5
420
255
176
1
290
0
176
1
 90
50
176
1
 90
50
176
1
 90
50
176
1
290
0
176
1
 90
50
176
1
 62
256
176
0
 40
1.0
176
0
 90
2
176
1
  1
strokes_ogs.tif
176
1
290
0
176
1
 40
1.0
176
1
 40
1.0
176
1
  0
VISUALSTYLE
  5
66
102
{ACAD_REACTORS
330
16
102
}
330
16
100
AcDbVisualStyle
  2
Hidden
 70
6
177
3
291
0
 70
58
 90
2
176
1
 90
2
176
1
 90
0
176
1
 90
1
176
1
 40
0.6
176
1
 40
30.0
176
1
 62
7
420
16777215
176
1
 90
1
176
1
 90
4
176
1
 62
7
176
1
 62
257
176
1
 90
1
176
1
 90
1
176
1
 40
1.0
176
1
 90
8
176
1
 62
7
176
1
 40
1.0
176
1
 90
1
176
1
 90
6
176
1
 90
2
176
1
 62
7
176
1
 90
5
176
1
 90
0
176
1
 90
0
176
1
290
0
176
1
 90
1
176
1
 40
0.0
176
1
 90
0
176
1
290
0
176
1
290
1
176
1
290
1
176
1
290
0
176
1
290
0
176
1
290
0
176
1
290
0
176
1
290
0
176
1
290
0
176
1
 90
50
176
1
 40
0.0
176
1
 40
1.0
176
1
 90
0
176
1
 62
18
420
0
176
1
 90
50
176
1
 90
3
176
1
 62
5
420
255
176
1
290
0
176
1
 90
50
176
1
 90
50
176
1
 90
50
176
1
290
0
176
1
 90
50
176
1
 62
256
176
0
 40
1.0
176
0
 90
2
176
1
  1
strokes_ogs.tif
176
1
290
0
176
1
 40
1.0
176
1
 40
1.0
176
1
  0
VISUALSTYLE
  5
67
102
{ACAD_REACTORS
330
16
102
}
330
16
100
AcDbVisualStyle
  2
JitterOff
 70
20
177
3
291
1
 70
58
 90
2
176
1
 90
2
176
1
 90
0
176
1
 90
2
176
1
 40
0.6
176
1
 40
30.0
176
1
 62
7
420
16777215
176
1
 90
1
176
1
 90
4
176
1
 62
7
176
1
 62
257
176
1
 90
1
176
1
 90
1
176
1
 40
1.0
176
1
 90
8
176
1
 62
7
176
1
 40
1.0
176
1
 90
1
176
1
 90
6
176
1
 90
2
176
1
 62
7
176
1
 90
5
176
1
 90
0
176
1
 90
0
176
1
290
0
176
1
 90
1
176
1
 40
0.0
176
1
 90
0
176
1
290
0
176
1
290
1
176
1
290
1
176
1
290
0
176
1
290
0
176
1
290
0
176
1
290
0
176
1
290
0
176
1
290
0
176
1
 90
50
176
1
 40
0.0
176
1
 40
1.0
176
1
 90
0
176
1
 62
18
420
0
176
1
 90
50
176
1
 90
3
176
1
 62
5
420
255
176
1
290
0
176
1
 90
50
176
1
 90
50
176
1
 90
50
176
1
290
0
176
1
 90
50
176
1
 62
256
176
0
 40
1.0
176
0
 90
2
176
1
  1
strokes_ogs.tif
176
1
290
0
176
1
 40
1.0
176
1
 40
1.0
176
1
  0
VISUALSTYLE
  5
68
102
{ACAD_REACTORS
330
16
102
}
330
16
100
AcDbVisualStyle
  2
Linepattern
 70
14
177
3
291
1
 70
58
 90
2
176
1
 90
2
176
1
 90
0
176
1
 90
2
176
1
 40
0.6
176
1
 40
30.0
176
1
 62
7
420
16777215
176
1
 90
1
176
1
 90
4
176
1
 62
7
176
1
 62
257
176
1
 90
1
176
1
 90
1
176
1
 40
1.0
176
1
 90
8
176
1
 62
7
176
1
 40
1.0
176
1
 90
1
176
1
 90
6
176
1
 90
2
176
1
 62
7
176
1
 90
5
176
1
 90
0
176
1
 90
0
176
1
290
0
176
1
 90
1
176
1
 40
0.0
176
1
 90
0
176
1
290
0
176
1
290
1
176
1
290
1
176
1
290
0
176
1
290
0
176
1
290
0
176
1
290
0
176
1
290
0
176
1
290
0
176
1
 90
50
176
1
 40
0.0
176
1
 40
1.0
176
1
 90
0
176
1
 62
18
420
0
176
1
 90
50
176
1
 90
3
176
1
 62
5
420
255
176
1
290
0
176
1
 90
50
176
1
 90
50
176
1
 90
50
176
1
290
0
176
1
 90
50
176
1
 62
256
176
0
 40
1.0
176
0
 90
2
176
1
  1
strokes_ogs.tif
176
1
290
0
176
1
 40
1.0
176
1
 40
1.0
176
1
  0
VISUALSTYLE
  5
69
102
{ACAD_REACTORS
330
16
102
}
330
16
100
AcDbVisualStyle
  2
Modeling
 70
10
177
3
291
0
 70
58
 90
2
176
1
 90
2
176
1
 90
0
176
1
 90
2
176
1
 40
0.6
176
1
 40
30.0
176
1
 62
7
420
16777215
176
1
 90
1
176
1
 90
4
176
1
 62
7
176
1
 62
257
176
1
 90
1
176
1
 90
1
176
1
 40
1.0
176
1
 90
8
176
1
 62
7
176
1
 40
1.0
176
1
 90
1
176
1
 90
6
176
1
 90
2
176
1
 62
7
176
1
 90
5
176
1
 90
0
176
1
 90
0
176
1
290
0
176
1
 90
1
176
1
 40
0.0
176
1
 90
0
176
1
290
0
176
1
290
1
176
1
290
1
176
1
290
0
176
1
290
0
176
1
290
0
176
1
290
0
176
1
290
0
176
1
290
0
176
1
 90
50
176
1
 40
0.0
176
1
 40
1.0
176
1
 90
0
176
1
 62
18
420
0
176
1
 90
50
176
1
 90
3
176
1
 62
5
420
255
176
1
290
0
176
1
 90
50
176
1
 90
50
176
1
 90
50
176
1
290
0
176
1
 90
50
176
1
 62
256
176
0
 40
1.0
176
0
 90
2
176
1
  1
strokes_ogs.tif
176
1
290
0
176
1
 40
1.0
176
1
 40
1.0
176
1
  0
VISUALSTYLE
  5
6A
102
{ACAD_REACTORS
330
16
102
}
330
16
100
AcDbVisualStyle
  2
OverhangOff
 70
21
177
3
291
1
 70
58
 90
2
176
1
 90
2
176
1
 90
0
176
1
 90
2
176
1
 40
0.6
176
1
 40
30.0
176
1
 62
7
420
16777215
176
1
 90
1
176
1
 90
4
176
1
 62
7
176
1
 62
257
176
1
 90
1
176
1
 90
1
176
1
 40
1.0
176
1
 90
8
176
1
 62
7
176
1
 40
1.0
176
1
 90
1
176
1
 90
6
176
1
 90
2
176
1
 62
7
176
1
 90
5
176
1
 90
0
176
1
 90
0
176
1
290
0
176
1
 90
1
176
1
 40
0.0
176
1
 90
0
176
1
290
0
176
1
290
1
176
1
290
1
176
1
290
0
176
1
290
0
176
1
290
0
176
1
290
0
176
1
290
0
176
1
290
0
176
1
 90
50
176
1
 40
0.0
176
1
 40
1.0
176
1
 90
0
176
1
 62
18
420
0
176
1
 90
50
176
1
 90
3
176
1
 62
5
420
255
176
1
290
0
176
1
 90
50
176
1
 90
50
176
1
 90
50
176
1
290
0
176
1
 90
50
176
1
 62
256
176
0
 40
1.0
176
0
 90
2
176
1
  1
strokes_ogs.tif
176
1
290
0
176
1
 40
1.0
176
1
 40
1.0
176
1
  0
VISUALSTYLE
  5
6B
102
{ACAD_REACTORS
330
16
102
}
330
16
100
AcDbVisualStyle
  2
Realistic
 70
8
177
3
291
0
 70
58
 90
2
176
1
 90
2
176
1
 90
0
176
1
 90
2
176
1
 40
0.6
176
1
 40
30.0
176
1
 62
7
420
16777215
176
1
 90
1
176
1
 90
4
176
1
 62
7
176
1
 62
257
176
1
 90
1
176
1
 90
1
176
1
 40
1.0
176
1
 90
8
176
1
 62
7
176
1
 40
1.0
176
1
 90
1
176
1
 90
6
176
1
 90
2
176
1
 62
7
176
1
 90
5
176
1
 90
0
176
1
 90
0
176
1
290
0
176
1
 90
1
176
1
 40
0.0
176
1
 90
0
176
1
290
0
176
1
290
1
176
1
290
1
176
1
290
0
176
1
290
0
176
1
290
0
176
1
290
0
176
1
290
0
176
1
290
0
176
1
 90
50
176
1
 40
0.0
176
1
 40
1.0
176
1
 90
0
176
1
 62
18
420
0
176
1
 90
50
176
1
 90
3
176
1
 62
5
420
255
176
1
290
0
176
1
 90
50
176
1
 90
50
176
1
 90
50
176
1
290
0
176
1
 90
50
176
1
 62
256
176
0
 40
1.0
176
0
 90
2
176
1
  1
strokes_ogs.tif
176
1
290
0
176
1
 40
1.0
176
1
 40
1.0
176
1
  0
VISUALSTYLE
  5
6C
102
{ACAD_REACTORS
330
16
102
}
330
16
100
AcDbVisualStyle
  2
Shaded
 70
27
177
3
291
0
 70
58
 90
2
176
1
 90
2
176
1
 90
0
176
1
 90
2
176
1
 40
0.6
176
1
 40
30.0
176
1
 62
7
420
16777215
176
1
 90
1
176
1
 90
4
176
1
 62
7
176
1
 62
257
176
1
 90
1
176
1
 90
1
176
1
 40
1.0
176
1
 90
8
176
1
 62
7
176
1
 40
1.0
176
1
 90
1
176
1
 90
6
176
1
 90
2
176
1
 62
7
176
1
 90
5
176
1
 90
0
176
1
 90
0
176
1
290
0
176
1
 90
1
176
1
 40
0.0
176
1
 90
0
176
1
290
0
176
1
290
1
176
1
290
1
176
1
290
0
176
1
290
0
176
1
290
0
176
1
290
0
176
1
290
0
176
1
290
0
176
1
 90
50
176
1
 40
0.0
176
1
 40
1.0
176
1
 90
0
176
1
 62
18
420
0
176
1
 90
50
176
1
 90
3
176
1
 62
5
420
255
176
1
290
0
176
1
 90
50
176
1
 90
50
176
1
 90
50
176
1
290
0
176
1
 90
50
176
1
 62
256
176
0
 40
1.0
176
0
 90
2
176
1
  1
strokes_ogs.tif
176
1
290
0
176
1
 40
1.0
176
1
 40
1.0
176
1
  0
VISUALSTYLE
  5
6D
102
{ACAD_REACTORS
330
16
102
}
330
16
100
AcDbVisualStyle
  2
Shaded with edges
 70
26
177
3
291
0
 70
58
 90
2
176
1
 90
2
176
1
 90
0
176
1
 90
2
176
1
 40
0.6
176
1
 40
30.0
176
1
 62
7
420
16777215
176
1
 90
1
176
1
 90
4
176
1
 62
7
176
1
 62
257
176
1
 90
1
176
1
 90
1
176
1
 40
1.0
176
1
 90
8
176
1
 62
7
176
1
 40
1.0
176
1
 90
1
176
1
 90
6
176
1
 90
2
176
1
 62
7
176
1
 90
5
176
1
 90
0
176
1
 90
0
176
1
290
0
176
1
 90
1
176
1
 40
0.0
176
1
 90
0
176
1
290
0
176
1
290
1
176
1
290
1
176
1
290
0
176
1
290
0
176
1
290
0
176
1
290
0
176
1
290
0
176
1
290
0
176
1
 90
50
176
1
 40
0.0
176
1
 40
1.0
176
1
 90
0
176
1
 62
18
420
0
176
1
 90
50
176
1
 90
3
176
1
 62
5
420
255
176
1
290
0
176
1
 90
50
176
1
 90
50
176
1
 90
50
176
1
290
0
176
1
 90
50
176
1
 62
256
176
0
 40
1.0
176
0
 90
2
176
1
  1
strokes_ogs.tif
176
1
290
0
176
1
 40
1.0
176
1
 40
1.0
176
1
  0
VISUALSTYLE
  5
6E
102
{ACAD_REACTORS
330
16
102
}
330
16
100
AcDbVisualStyle
  2
Shades of Gray
 70
23
177
3
291
0
 70
58
 90
2
176
1
 90
2
176
1
 90
0
176
1
 90
2
176
1
 40
0.6
176
1
 40
30.0
176
1
 62
7
420
16777215
176
1
 90
1
176
1
 90
4
176
1
 62
7
176
1
 62
257
176
1
 90
1
176
1
 90
1
176
1
 40
1.0
176
1
 90
8
176
1
 62
7
176
1
 40
1.0
176
1
 90
1
176
1
 90
6
176
1
 90
2
176
1
 62
7
176
1
 90
5
176
1
 90
0
176
1
 90
0
176
1
290
0
176
1
 90
1
176
1
 40
0.0
176
1
 90
0
176
1
290
0
176
1
290
1
176
1
290
1
176
1
290
0
176
1
290
0
176
1
290
0
176
1
290
0
176
1
290
0
176
1
290
0
176
1
 90
50
176
1
 40
0.0
176
1
 40
1.0
176
1
 90
0
176
1
 62
18
420
0
176
1
 90
50
176
1
 90
3
176
1
 62
5
420
255
176
1
290
0
176
1
 90
50
176
1
 90
50
176
1
 90
50
176
1
290
0
176
1
 90
50
176
1
 62
256
176
0
 40
1.0
176
0
 90
2
176
1
  1
strokes_ogs.tif
176
1
290
0
176
1
 40
1.0
176
1
 40
1.0
176
1
  0
VISUALSTYLE
  5
6F
102
{ACAD_REACTORS
330
16
102
}
330
16
100
AcDbVisualStyle
  2
Sketchy
 70
24
177
3
291
0
 70
58
 90
2
176
1
 90
2
176
1
 90
0
176
1
 90
1
176
1
 40
0.6
176
1
 40
30.0
176
1
 62
7
420
16777215
176
1
 90
1
176
1
 90
4
176
1
 62
7
176
1
 62
257
176
1
 90
1
176
1
 90
1
176
1
 40
1.0
176
1
 90
8
176
1
 62
7
176
1
 40
1.0
176
1
 90
1
176
1
 90
6
176
1
 90
2
176
1
 62
7
176
1
 90
5
176
1
 90
0
176
1
 90
0
176
1
290
0
176
1
 90
1
176
1
 40
0.0
176
1
 90
0
176
1
290
0
176
1
290
1
176
1
290
1
176
1
290
0
176
1
290
0
176
1
290
0
176
1
290
0
176
1
290
0
176
1
290
0
176
1
 90
50
176
1
 40
0.0
176
1
 40
1.0
176
1
 90
0
176
1
 62
18
420
0
176
1
 90
50
176
1
 90
3
176
1
 62
5
420
255
176
1
290
0
176
1
 90
50
176
1
 90
50
176
1
 90
50
176
1
290
0
176
1
 90
50
176
1
 62
256
176
0
 40
1.0
176
0
 90
2
176
1
  1
strokes_ogs.tif
176
1
290
0
176
1
 40
1.0
176
1
 40
1.0
176
1
  0
VISUALSTYLE
  5
70
102
{ACAD_REACTORS
330
16
102
}
330
16
100
AcDbVisualStyle
  2
Thicken
 70
13
177
3
291
1
 70
58
 90
2
176
1
 90
2
176
1
 90
0
176
1
 90
2
176
1
 40
0.6
176
1
 40
30.0
176
1
 62
7
420
16777215
176
1
 90
1
176
1
 90
4
176
1
 62
7
176
1
 62
257
176
1
 90
1
176
1
 90
1
176
1
 40
1.0
176
1
 90
8
176
1
 62
7
176
1
 40
1.0
176
1
 90
1
176
1
 90
6
176
1
 90
2
176
1
 62
7
176
1
 90
5
176
1
 90
0
176
1
 90
0
176
1
290
0
176
1
 90
1
176
1
 40
0.0
176
1
 90
0
176
1
290
0
176
1
290
1
176
1
290
1
176
1
290
0
176
1
290
0
176
1
290
0
176
1
290
0
176
1
290
0
176
1
290
0
176
1
 90
50
176
1
 40
0.0
176
1
 40
1.0
176
1
 90
0
176
1
 62
18
420
0
176
1
 90
50
176
1
 90
3
176
1
 62
5
420
255
176
1
290
0
176
1
 90
50
176
1
 90
50
176
1
 90
50
176
1
290
0
176
1
 90
50
176
1
 62
256
176
0
 40
1.0
176
0
 90
2
176
1
  1
strokes_ogs.tif
176
1
290
0
176
1
 40
1.0
176
1
 40
1.0
176
1
  0
VISUALSTYLE
  5
71
102
{ACAD_REACTORS
330
16
102
}
330
16
100
AcDbVisualStyle
  2
Wireframe
 70
5
177
3
291
0
 70
58
 90
2
176
1
 90
2
176
1
 90
0
176
1
 90
0
176
1
 40
0.6
176
1
 40
30.0
176
1
 62
7
420
16777215
176
1
 90
1
176
1
 90
4
176
1
 62
7
176
1
 62
257
176
1
 90
1
176
1
 90
1
176
1
 40
1.0
176
1
 90
8
176
1
 62
7
176
1
 40
1.0
176
1
 90
1
176
1
 90
6
176
1
 90
2
176
1
 62
7
176
1
 90
5
176
1
 90
0
176
1
 90
0
176
1
290
0
176
1
 90
1
176
1
 40
0.0
176
1
 90
0
176
1
290
0
176
1
290
1
176
1
290
1
176
1
290
0
176
1
290
0
176
1
290
0
176
1
290
0
176
1
290
0
176
1
290
0
176
1
 90
50
176
1
 40
0.0
176
1
 40
1.0
176
1
 90
0
176
1
 62
18
420
0
176
1
 90
50
176
1
 90
3
176
1
 62
5
420
255
176
1
290
0
176
1
 90
50
176
1
 90
50
176
1
 90
50
176
1
290
0
176
1
 90
50
176
1
 62
256
176
0
 40
1.0
176
0
 90
2
176
1
  1
strokes_ogs.tif
176
1
290
0
176
1
 40
1.0
176
1
 40
1.0
176
1
  0
VISUALSTYLE
  5
72
102
{ACAD_REACTORS
330
16
102
}
330
16
100
AcDbVisualStyle
  2
X-Ray
 70
25
177
3
291
0
 70
58
 90
2
176
1
 90
2
176
1
 90
0
176
1
 90
2
176
1
 40
0.5
176
1
 40
30.0
176
1
 62
7
420
16777215
176
1
 90
1
176
1
 90
4
176
1
 62
7
176
1
 62
257
176
1
 90
1
176
1
 90
1
176
1
 40
1.0
176
1
 90
8
176
1
 62
7
176
1
 40
1.0
176
1
 90
1
176
1
 90
6
176
1
 90
2
176
1
 62
7
176
1
 90
5
176
1
 90
0
176
1
 90
0
176
1
290
0
176
1
 90
1
176
1
 40
0.0
176
1
 90
0
176
1
290
0
176
1
290
1
176
1
290
1
176
1
290
0
176
1
290
0
176
1
290
0
176
1
290
0
176
1
290
0
176
1
290
0
176
1
 90
50
176
1
 40
0.0
176
1
 40
1.0
176
1
 90
0
176
1
 62
18
420
0
176
1
 90
50
176
1
 90
3
176
1
 62
5
420
255
176
1
290
0
176
1
 90
50
176
1
 90
50
176
1
 90
50
176
1
290
0
176
1
 90
50
176
1
 62
256
176
0
 40
1.0
176
0
 90
2
176
1
  1
strokes_ogs.tif
176
1
290
0
176
1
 40
1.0
176
1
 40
1.0
176
1
  0
DICTIONARYVAR
  5
A9
330
2D
100
DictionaryVariables
280
0
  1
1.4.4 @ 2026-09-08T15:40:28.971702+00:00
  0
ENDSEC
  0
EOF
